{
"lengthUnit": "mil",
"components": {
	"fields": ["COMPONENT_NO", "COMPONENT_NAME", "LAYER", "X_COORDINATE", "Y_COORDINATE", "ANGLE"],
	"rows": [
		[1, "C1", "T", 4466.73, 2698.63, 180],
		[2, "C2", "T", 2244.09, 433.07, 0],
		[3, "C3", "T", 4862.2, 2303.15, 180],
		[4, "C4", "T", 4448.82, 2775.59, 0],
		[5, "C5", "T", 5234.45, 2639.57, 90],
		[6, "C6", "T", 5231.23, 2773.57, 270],
		[7, "C7", "T", 4925.31, 3170, 180],
		[8, "C8", "T", 4763.78, 3543.31, 0],
		[9, "C9", "T", 5019.69, 2145.67, 0],
		[10, "C10", "T", 5059.06, 275.59, 270],
		[11, "C11", "T", 4921.26, 275.59, 270],
		[12, "C12", "T", 4783.46, 275.59, 270],
		[13, "C13", "T", 5059.06, 748.03, 270],
		[14, "C14", "T", 4645.67, 275.59, 270],
		[15, "C15", "T", 4921.26, 748.03, 270],
		[16, "C16", "T", 4783.46, 748.03, 270],
		[17, "C17", "T", 4645.67, 748.03, 270],
		[18, "C18", "T", 3858.27, 708.66, 0],
		[19, "C19", "T", 3976.38, 334.65, 90],
		[20, "C20", "T", 3996.06, 531.5, 180],
		[21, "C21", "T", 3838.58, 334.65, 90],
		[22, "C22", "T", 4114.17, 354.33, 90],
		[23, "CN1", "T", 1984.7, 695.72, 0],
		[24, "CON1", "T", 5846.46, 1811.02, 90],
		[25, "CON2", "T", 5846.46, 3779.53, 90],
		[26, "F1", "T", 5275.59, 275.59, 0],
		[27, "F2", "T", 5275.59, 748.03, 0],
		[28, "L1", "T", 3644.5, 591, 180],
		[29, "LED1", "T", 236.22, 787.4, 90],
		[30, "R1", "T", 2145.67, 452.76, 90],
		[31, "R2", "T", 2047.24, 433.07, 0],
		[32, "R3", "T", 4921.26, 3484.25, 90],
		[33, "R4", "T", 4409.45, 3385.83, 270],
		[34, "R5", "T", 5000, 3425.2, 270],
		[35, "R6", "T", 5019.69, 2224.41, 0],
		[36, "R7", "T", 4921.26, 3366.14, 90],
		[37, "R8", "T", 4901.57, 2145.67, 0],
		[38, "R9", "T", 413.39, 866.14, 0],
		[39, "R10", "T", 413.39, 767.72, 0],
		[40, "R11", "T", 413.39, 708.66, 0],
		[41, "R12", "T", 5531.5, 1259.84, 0],
		[42, "R13", "T", 5531.5, 1338.58, 0],
		[43, "R14", "T", 5314.96, 1259.84, 180],
		[44, "R15", "T", 5531.5, 1417.32, 0],
		[45, "R16", "T", 5314.96, 1338.58, 180],
		[46, "R17", "T", 5531.5, 1496.06, 0],
		[47, "R18", "T", 5314.96, 1417.32, 180],
		[48, "R19", "T", 5314.96, 1496.06, 180],
		[49, "R20", "T", 3996.06, 629.92, 90],
		[50, "R21", "T", 3996.06, 708.66, 0],
		[51, "R22", "T", 5590.55, 3543.31, 180],
		[52, "R23", "T", 5590.55, 3622.05, 180],
		[53, "R24", "T", 5590.55, 3700.79, 180],
		[54, "R25", "T", 3641.73, 334.65, 180],
		[55, "R26", "T", 5590.55, 3779.53, 180],
		[56, "R27", "T", 3996.06, 2677.17, 0],
		[57, "R28", "T", 3996.06, 2578.74, 0],
		[58, "R29", "T", 3996.06, 2480.32, 0],
		[59, "R30", "T", 3996.06, 2381.89, 0],
		[60, "R31", "T", 3996.06, 2145.67, 0],
		[61, "R32", "T", 3996.06, 2047.24, 0],
		[62, "R33", "T", 3996.06, 1948.82, 0],
		[63, "R34", "T", 3996.06, 1870.08, 0],
		[64, "R35", "T", 5590.55, 3385.83, 0],
		[65, "R36", "T", 5590.55, 3464.57, 0],
		[66, "SW1", "T", 5511.81, 2401.57, 90],
		[67, "TP1", "T", 5493.32, 3045.45, 270],
		[68, "TP2", "T", 5383.32, 3045.45, 270],
		[69, "TP3", "T", 5264.26, 3045.45, 270],
		[70, "TP4", "T", 5141.95, 3045.45, 270],
		[71, "U1", "T", 4863.29, 2733.76, 0],
		[72, "U2", "T", 4649.2, 3408.1, 270],
		[73, "U3", "T", 3838.58, 590.55, 180],
		[74, "U4", "T", -59.06, 3346.46, 0]
	]
},
"pins": {
	"fields": ["PIN_NO", "PIN_NAME", "PIN_X", "PIN_Y", "LAYER", "PIN_TYPE", "NET_NAME", "NET_TYPE", "PAD_SHAPE", "PAD_SIZEX", "PAD_SIZEY", "HOLE_SIZE", "PAD_ANGLE"],
	"rows": [
		[1, "C1_1", 4488.19, 2698.63, "T", "SMD", "VCC", "", "R", 31.11, 21.26, 0, 180],
		[2, "C1_2", 4445.27, 2698.63, "T", "SMD", "GND", "GND", "R", 31.11, 21.26, 0, 180],
		[3, "C2_1", 2222.63, 433.07, "T", "SMD", "$1N1854", "", "R", 31.11, 21.26, 0, 0],
		[4, "C2_2", 2265.55, 433.07, "T", "SMD", "GND", "GND", "R", 31.11, 21.26, 0, 0],
		[5, "C3_1", 4883.66, 2303.15, "T", "SMD", "VCC", "", "R", 31.11, 21.26, 0, 180],
		[6, "C3_2", 4840.74, 2303.15, "T", "SMD", "GND", "GND", "R", 31.11, 21.26, 0, 180],
		[7, "C4_1", 4408.27, 2775.59, "T", "SMD", "GND", "GND", "R", 55.51, 53.15, 0, 0],
		[8, "C4_2", 4489.37, 2775.59, "T", "SMD", "$1N1718", "", "R", 55.51, 53.15, 0, 0],
		[9, "C5_1", 5234.45, 2618.11, "T", "SMD", "VCC", "", "R", 31.11, 21.26, 0, 90],
		[10, "C5_2", 5234.45, 2661.03, "T", "SMD", "GND", "GND", "R", 31.11, 21.26, 0, 90],
		[11, "C6_1", 5231.23, 2795.03, "T", "SMD", "VCC", "", "R", 31.11, 21.26, 0, 270],
		[12, "C6_2", 5231.23, 2752.11, "T", "SMD", "GND", "GND", "R", 31.11, 21.26, 0, 270],
		[13, "C7_1", 4946.77, 3170, "T", "SMD", "VCC", "", "R", 31.11, 21.26, 0, 180],
		[14, "C7_2", 4903.85, 3170, "T", "SMD", "GND", "GND", "R", 31.11, 21.26, 0, 180],
		[15, "C8_1", 4742.32, 3543.31, "T", "SMD", "VCC", "", "R", 31.11, 21.26, 0, 0],
		[16, "C8_2", 4785.24, 3543.31, "T", "SMD", "GND", "GND", "R", 31.11, 21.26, 0, 0],
		[17, "C9_1", 4998.23, 2145.67, "T", "SMD", "ADI_5V", "", "R", 31.11, 21.26, 0, 0],
		[18, "C9_2", 5041.15, 2145.67, "T", "SMD", "GND", "GND", "R", 31.11, 21.26, 0, 0],
		[19, "C10_1", 5059.06, 316.14, "T", "SMD", "VCC_12V", "", "R", 55.51, 53.15, 0, 270],
		[20, "C10_2", 5059.06, 235.04, "T", "SMD", "GND", "GND", "R", 55.51, 53.15, 0, 270],
		[21, "C11_1", 4921.26, 316.14, "T", "SMD", "VCC_12V", "", "R", 55.51, 53.15, 0, 270],
		[22, "C11_2", 4921.26, 235.04, "T", "SMD", "GND", "GND", "R", 55.51, 53.15, 0, 270],
		[23, "C12_1", 4783.46, 316.14, "T", "SMD", "VCC_12V", "", "R", 55.51, 53.15, 0, 270],
		[24, "C12_2", 4783.46, 235.04, "T", "SMD", "GND", "GND", "R", 55.51, 53.15, 0, 270],
		[25, "C13_1", 5059.06, 788.58, "T", "SMD", "VCC_5V", "", "R", 55.51, 53.15, 0, 270],
		[26, "C13_2", 5059.06, 707.48, "T", "SMD", "GND", "GND", "R", 55.51, 53.15, 0, 270],
		[27, "C14_1", 4645.67, 316.14, "T", "SMD", "VCC_12V", "", "R", 55.51, 53.15, 0, 270],
		[28, "C14_2", 4645.67, 235.04, "T", "SMD", "GND", "GND", "R", 55.51, 53.15, 0, 270],
		[29, "C15_1", 4921.26, 788.58, "T", "SMD", "VCC_5V", "", "R", 55.51, 53.15, 0, 270],
		[30, "C15_2", 4921.26, 707.48, "T", "SMD", "GND", "GND", "R", 55.51, 53.15, 0, 270],
		[31, "C16_1", 4783.46, 788.58, "T", "SMD", "VCC_5V", "", "R", 55.51, 53.15, 0, 270],
		[32, "C16_2", 4783.46, 707.48, "T", "SMD", "GND", "GND", "R", 55.51, 53.15, 0, 270],
		[33, "C17_1", 4645.67, 788.58, "T", "SMD", "VCC_5V", "", "R", 55.51, 53.15, 0, 270],
		[34, "C17_2", 4645.67, 707.48, "T", "SMD", "GND", "GND", "R", 55.51, 53.15, 0, 270],
		[35, "C18_1", 3836.81, 708.66, "T", "SMD", "GND", "GND", "R", 31.11, 21.26, 0, 0],
		[36, "C18_2", 3879.73, 708.66, "T", "SMD", "VCC_5V", "", "R", 31.11, 21.26, 0, 0],
		[37, "C19_1", 3976.38, 294.1, "T", "SMD", "GND", "GND", "R", 55.51, 53.15, 0, 90],
		[38, "C19_2", 3976.38, 375.2, "T", "SMD", "VCC_3P3", "", "R", 55.51, 53.15, 0, 90],
		[39, "C20_1", 4017.52, 531.5, "T", "SMD", "GND", "GND", "R", 31.11, 21.26, 0, 180],
		[40, "C20_2", 3974.6, 531.5, "T", "SMD", "VCC_3P3", "", "R", 31.11, 21.26, 0, 180],
		[41, "C21_1", 3838.58, 294.1, "T", "SMD", "GND", "GND", "R", 55.51, 53.15, 0, 90],
		[42, "C21_2", 3838.58, 375.2, "T", "SMD", "VCC_3P3", "", "R", 55.51, 53.15, 0, 90],
		[43, "C22_1", 4114.17, 332.87, "T", "SMD", "GND", "GND", "R", 31.11, 21.26, 0, 90],
		[44, "C22_2", 4114.17, 375.79, "T", "SMD", "VCC_3P3", "", "R", 31.11, 21.26, 0, 90],
		[45, "CN1_1", 1827.22, 695.72, "T", "DIP", "PGC", "", "R", 55.12, 55.12, 35.43, 180],
		[46, "CN1_1", 1827.22, 695.72, "B", "DIP", "PGC", "", "R", 55.12, 55.12, 35.43, 180],
		[47, "CN1_2", 1905.96, 695.72, "T", "DIP", "PGD", "", "C", 55.12, 55.12, 35.43, 180],
		[48, "CN1_2", 1905.96, 695.72, "B", "DIP", "PGD", "", "C", 55.12, 55.12, 35.43, 180],
		[49, "CN1_3", 1984.7, 695.72, "T", "DIP", "GND", "GND", "C", 55.12, 55.12, 35.43, 180],
		[50, "CN1_3", 1984.7, 695.72, "B", "DIP", "GND", "GND", "C", 55.12, 55.12, 35.43, 180],
		[51, "CN1_4", 2063.44, 695.72, "T", "DIP", "VCC", "", "C", 55.12, 55.12, 35.43, 180],
		[52, "CN1_4", 2063.44, 695.72, "B", "DIP", "VCC", "", "C", 55.12, 55.12, 35.43, 180],
		[53, "CN1_5", 2142.18, 695.72, "T", "DIP", "MCLR", "", "C", 55.12, 55.12, 35.43, 180],
		[54, "CN1_5", 2142.18, 695.72, "B", "DIP", "MCLR", "", "C", 55.12, 55.12, 35.43, 180],
		[55, "CON1_A1", 6240.16, 157.48, "T", "DIP", "POW_12V", "", "C", 47.24, 47.24, 23.62, 90],
		[56, "CON1_A1", 6240.16, 157.48, "B", "DIP", "POW_12V", "", "C", 47.24, 47.24, 23.62, 90],
		[57, "CON1_A10", 6240.16, 866.14, "T", "DIP", "POW_5V", "", "C", 47.24, 47.24, 23.62, 90],
		[58, "CON1_A10", 6240.16, 866.14, "B", "DIP", "POW_5V", "", "C", 47.24, 47.24, 23.62, 90],
		[59, "CON1_A11", 6240.16, 944.88, "T", "DIP", "POW_5V", "", "C", 47.24, 47.24, 23.62, 90],
		[60, "CON1_A11", 6240.16, 944.88, "B", "DIP", "POW_5V", "", "C", 47.24, 47.24, 23.62, 90],
		[61, "CON1_A15", 6240.16, 1259.84, "T", "DIP", "LAIO_0", "", "C", 47.24, 47.24, 23.62, 90],
		[62, "CON1_A15", 6240.16, 1259.84, "B", "DIP", "LAIO_0", "", "C", 47.24, 47.24, 23.62, 90],
		[63, "CON1_A16", 6240.16, 1338.58, "T", "DIP", "LAIO_2", "", "C", 47.24, 47.24, 23.62, 90],
		[64, "CON1_A16", 6240.16, 1338.58, "B", "DIP", "LAIO_2", "", "C", 47.24, 47.24, 23.62, 90],
		[65, "CON1_A17", 6240.16, 1417.32, "T", "DIP", "LAIO_4", "", "C", 47.24, 47.24, 23.62, 90],
		[66, "CON1_A17", 6240.16, 1417.32, "B", "DIP", "LAIO_4", "", "C", 47.24, 47.24, 23.62, 90],
		[67, "CON1_A18", 6240.16, 1496.06, "T", "DIP", "LAIO_6", "", "C", 47.24, 47.24, 23.62, 90],
		[68, "CON1_A18", 6240.16, 1496.06, "B", "DIP", "LAIO_6", "", "C", 47.24, 47.24, 23.62, 90],
		[69, "CON1_A19", 6240.16, 1574.8, "T", "DIP", "CON1_A19", "", "C", 47.24, 47.24, 23.62, 90],
		[70, "CON1_A19", 6240.16, 1574.8, "B", "DIP", "CON1_A19", "", "C", 47.24, 47.24, 23.62, 90],
		[71, "CON1_A2", 6240.16, 236.22, "T", "DIP", "POW_12V", "", "C", 47.24, 47.24, 23.62, 90],
		[72, "CON1_A2", 6240.16, 236.22, "B", "DIP", "POW_12V", "", "C", 47.24, 47.24, 23.62, 90],
		[73, "CON1_A20", 6240.16, 1653.54, "T", "DIP", "CON1_A20", "", "C", 47.24, 47.24, 23.62, 90],
		[74, "CON1_A20", 6240.16, 1653.54, "B", "DIP", "CON1_A20", "", "C", 47.24, 47.24, 23.62, 90],
		[75, "CON1_A21", 6240.16, 1732.28, "T", "DIP", "CON1_A21", "", "C", 47.24, 47.24, 23.62, 90],
		[76, "CON1_A21", 6240.16, 1732.28, "B", "DIP", "CON1_A21", "", "C", 47.24, 47.24, 23.62, 90],
		[77, "CON1_A22", 6240.16, 1811.02, "T", "DIP", "CON1_A22", "", "C", 47.24, 47.24, 23.62, 90],
		[78, "CON1_A22", 6240.16, 1811.02, "B", "DIP", "CON1_A22", "", "C", 47.24, 47.24, 23.62, 90],
		[79, "CON1_A23", 6240.16, 1889.76, "T", "DIP", "CON1_A23", "", "C", 47.24, 47.24, 23.62, 90],
		[80, "CON1_A23", 6240.16, 1889.76, "B", "DIP", "CON1_A23", "", "C", 47.24, 47.24, 23.62, 90],
		[81, "CON1_A24", 6240.16, 1968.5, "T", "DIP", "CON1_A24", "", "C", 47.24, 47.24, 23.62, 90],
		[82, "CON1_A24", 6240.16, 1968.5, "B", "DIP", "CON1_A24", "", "C", 47.24, 47.24, 23.62, 90],
		[83, "CON1_A25", 6240.16, 2047.24, "T", "DIP", "CON1_A25", "", "C", 47.24, 47.24, 23.62, 90],
		[84, "CON1_A25", 6240.16, 2047.24, "B", "DIP", "CON1_A25", "", "C", 47.24, 47.24, 23.62, 90],
		[85, "CON1_A3", 6240.16, 314.96, "T", "DIP", "POW_12V", "", "C", 47.24, 47.24, 23.62, 90],
		[86, "CON1_A3", 6240.16, 314.96, "B", "DIP", "POW_12V", "", "C", 47.24, 47.24, 23.62, 90],
		[87, "CON1_A4", 6240.16, 393.7, "T", "DIP", "GND", "GND", "C", 47.24, 47.24, 23.62, 90],
		[88, "CON1_A4", 6240.16, 393.7, "B", "DIP", "GND", "GND", "C", 47.24, 47.24, 23.62, 90],
		[89, "CON1_A5", 6240.16, 472.44, "T", "DIP", "CON1_A5", "", "C", 47.24, 47.24, 23.62, 90],
		[90, "CON1_A5", 6240.16, 472.44, "B", "DIP", "CON1_A5", "", "C", 47.24, 47.24, 23.62, 90],
		[91, "CON1_A6", 6240.16, 551.18, "T", "DIP", "CON1_A6", "", "C", 47.24, 47.24, 23.62, 90],
		[92, "CON1_A6", 6240.16, 551.18, "B", "DIP", "CON1_A6", "", "C", 47.24, 47.24, 23.62, 90],
		[93, "CON1_A7", 6240.16, 629.92, "T", "DIP", "CON1_A7", "", "C", 47.24, 47.24, 23.62, 90],
		[94, "CON1_A7", 6240.16, 629.92, "B", "DIP", "CON1_A7", "", "C", 47.24, 47.24, 23.62, 90],
		[95, "CON1_A8", 6240.16, 708.66, "T", "DIP", "GND", "GND", "C", 47.24, 47.24, 23.62, 90],
		[96, "CON1_A8", 6240.16, 708.66, "B", "DIP", "GND", "GND", "C", 47.24, 47.24, 23.62, 90],
		[97, "CON1_A9", 6240.16, 787.4, "T", "DIP", "POW_5V", "", "C", 47.24, 47.24, 23.62, 90],
		[98, "CON1_A9", 6240.16, 787.4, "B", "DIP", "POW_5V", "", "C", 47.24, 47.24, 23.62, 90],
		[99, "CON1_B1", 6161.42, 157.48, "T", "DIP", "POW_12V", "", "C", 47.24, 47.24, 23.62, 90],
		[100, "CON1_B1", 6161.42, 157.48, "B", "DIP", "POW_12V", "", "C", 47.24, 47.24, 23.62, 90],
		[101, "CON1_B10", 6161.42, 866.14, "T", "DIP", "POW_5V", "", "C", 47.24, 47.24, 23.62, 90],
		[102, "CON1_B10", 6161.42, 866.14, "B", "DIP", "POW_5V", "", "C", 47.24, 47.24, 23.62, 90],
		[103, "CON1_B11", 6161.42, 944.88, "T", "DIP", "POW_5V", "", "C", 47.24, 47.24, 23.62, 90],
		[104, "CON1_B11", 6161.42, 944.88, "B", "DIP", "POW_5V", "", "C", 47.24, 47.24, 23.62, 90],
		[105, "CON1_B15", 6161.42, 1259.84, "T", "DIP", "LAIO_1", "", "C", 47.24, 47.24, 23.62, 90],
		[106, "CON1_B15", 6161.42, 1259.84, "B", "DIP", "LAIO_1", "", "C", 47.24, 47.24, 23.62, 90],
		[107, "CON1_B16", 6161.42, 1338.58, "T", "DIP", "LAIO_3", "", "C", 47.24, 47.24, 23.62, 90],
		[108, "CON1_B16", 6161.42, 1338.58, "B", "DIP", "LAIO_3", "", "C", 47.24, 47.24, 23.62, 90],
		[109, "CON1_B17", 6161.42, 1417.32, "T", "DIP", "LAIO_5", "", "C", 47.24, 47.24, 23.62, 90],
		[110, "CON1_B17", 6161.42, 1417.32, "B", "DIP", "LAIO_5", "", "C", 47.24, 47.24, 23.62, 90],
		[111, "CON1_B18", 6161.42, 1496.06, "T", "DIP", "LAIO_7", "", "C", 47.24, 47.24, 23.62, 90],
		[112, "CON1_B18", 6161.42, 1496.06, "B", "DIP", "LAIO_7", "", "C", 47.24, 47.24, 23.62, 90],
		[113, "CON1_B19", 6161.42, 1574.8, "T", "DIP", "CON1_B19", "", "C", 47.24, 47.24, 23.62, 90],
		[114, "CON1_B19", 6161.42, 1574.8, "B", "DIP", "CON1_B19", "", "C", 47.24, 47.24, 23.62, 90],
		[115, "CON1_B2", 6161.42, 236.22, "T", "DIP", "POW_12V", "", "C", 47.24, 47.24, 23.62, 90],
		[116, "CON1_B2", 6161.42, 236.22, "B", "DIP", "POW_12V", "", "C", 47.24, 47.24, 23.62, 90],
		[117, "CON1_B20", 6161.42, 1653.54, "T", "DIP", "CON1_B20", "", "C", 47.24, 47.24, 23.62, 90],
		[118, "CON1_B20", 6161.42, 1653.54, "B", "DIP", "CON1_B20", "", "C", 47.24, 47.24, 23.62, 90],
		[119, "CON1_B21", 6161.42, 1732.28, "T", "DIP", "CON1_B21", "", "C", 47.24, 47.24, 23.62, 90],
		[120, "CON1_B21", 6161.42, 1732.28, "B", "DIP", "CON1_B21", "", "C", 47.24, 47.24, 23.62, 90],
		[121, "CON1_B22", 6161.42, 1811.02, "T", "DIP", "CON1_B22", "", "C", 47.24, 47.24, 23.62, 90],
		[122, "CON1_B22", 6161.42, 1811.02, "B", "DIP", "CON1_B22", "", "C", 47.24, 47.24, 23.62, 90],
		[123, "CON1_B23", 6161.42, 1889.76, "T", "DIP", "CON1_B23", "", "C", 47.24, 47.24, 23.62, 90],
		[124, "CON1_B23", 6161.42, 1889.76, "B", "DIP", "CON1_B23", "", "C", 47.24, 47.24, 23.62, 90],
		[125, "CON1_B24", 6161.42, 1968.5, "T", "DIP", "CON1_B24", "", "C", 47.24, 47.24, 23.62, 90],
		[126, "CON1_B24", 6161.42, 1968.5, "B", "DIP", "CON1_B24", "", "C", 47.24, 47.24, 23.62, 90],
		[127, "CON1_B25", 6161.42, 2047.24, "T", "DIP", "CON1_B25", "", "C", 47.24, 47.24, 23.62, 90],
		[128, "CON1_B25", 6161.42, 2047.24, "B", "DIP", "CON1_B25", "", "C", 47.24, 47.24, 23.62, 90],
		[129, "CON1_B3", 6161.42, 314.96, "T", "DIP", "POW_12V", "", "C", 47.24, 47.24, 23.62, 90],
		[130, "CON1_B3", 6161.42, 314.96, "B", "DIP", "POW_12V", "", "C", 47.24, 47.24, 23.62, 90],
		[131, "CON1_B4", 6161.42, 393.7, "T", "DIP", "GND", "GND", "C", 47.24, 47.24, 23.62, 90],
		[132, "CON1_B4", 6161.42, 393.7, "B", "DIP", "GND", "GND", "C", 47.24, 47.24, 23.62, 90],
		[133, "CON1_B5", 6161.42, 472.44, "T", "DIP", "CON1_B5", "", "C", 47.24, 47.24, 23.62, 90],
		[134, "CON1_B5", 6161.42, 472.44, "B", "DIP", "CON1_B5", "", "C", 47.24, 47.24, 23.62, 90],
		[135, "CON1_B6", 6161.42, 551.18, "T", "DIP", "CON1_B6", "", "C", 47.24, 47.24, 23.62, 90],
		[136, "CON1_B6", 6161.42, 551.18, "B", "DIP", "CON1_B6", "", "C", 47.24, 47.24, 23.62, 90],
		[137, "CON1_B7", 6161.42, 629.92, "T", "DIP", "CON1_B7", "", "C", 47.24, 47.24, 23.62, 90],
		[138, "CON1_B7", 6161.42, 629.92, "B", "DIP", "CON1_B7", "", "C", 47.24, 47.24, 23.62, 90],
		[139, "CON1_B8", 6161.42, 708.66, "T", "DIP", "GND", "GND", "C", 47.24, 47.24, 23.62, 90],
		[140, "CON1_B8", 6161.42, 708.66, "B", "DIP", "GND", "GND", "C", 47.24, 47.24, 23.62, 90],
		[141, "CON1_B9", 6161.42, 787.4, "T", "DIP", "POW_5V", "", "C", 47.24, 47.24, 23.62, 90],
		[142, "CON1_B9", 6161.42, 787.4, "B", "DIP", "POW_5V", "", "C", 47.24, 47.24, 23.62, 90],
		[143, "CON1_C1", 6082.68, 157.48, "T", "DIP", "POW_12V", "", "C", 47.24, 47.24, 23.62, 90],
		[144, "CON1_C1", 6082.68, 157.48, "B", "DIP", "POW_12V", "", "C", 47.24, 47.24, 23.62, 90],
		[145, "CON1_C10", 6082.68, 866.14, "T", "DIP", "POW_5V", "", "C", 47.24, 47.24, 23.62, 90],
		[146, "CON1_C10", 6082.68, 866.14, "B", "DIP", "POW_5V", "", "C", 47.24, 47.24, 23.62, 90],
		[147, "CON1_C11", 6082.68, 944.88, "T", "DIP", "POW_5V", "", "C", 47.24, 47.24, 23.62, 90],
		[148, "CON1_C11", 6082.68, 944.88, "B", "DIP", "POW_5V", "", "C", 47.24, 47.24, 23.62, 90],
		[149, "CON1_C15", 6082.68, 1259.84, "T", "DIP", "CON1_C15", "", "C", 47.24, 47.24, 23.62, 90],
		[150, "CON1_C15", 6082.68, 1259.84, "B", "DIP", "CON1_C15", "", "C", 47.24, 47.24, 23.62, 90],
		[151, "CON1_C16", 6082.68, 1338.58, "T", "DIP", "CON1_C16", "", "C", 47.24, 47.24, 23.62, 90],
		[152, "CON1_C16", 6082.68, 1338.58, "B", "DIP", "CON1_C16", "", "C", 47.24, 47.24, 23.62, 90],
		[153, "CON1_C17", 6082.68, 1417.32, "T", "DIP", "CON1_C17", "", "C", 47.24, 47.24, 23.62, 90],
		[154, "CON1_C17", 6082.68, 1417.32, "B", "DIP", "CON1_C17", "", "C", 47.24, 47.24, 23.62, 90],
		[155, "CON1_C18", 6082.68, 1496.06, "T", "DIP", "CON1_C18", "", "C", 47.24, 47.24, 23.62, 90],
		[156, "CON1_C18", 6082.68, 1496.06, "B", "DIP", "CON1_C18", "", "C", 47.24, 47.24, 23.62, 90],
		[157, "CON1_C19", 6082.68, 1574.8, "T", "DIP", "CON1_C19", "", "C", 47.24, 47.24, 23.62, 90],
		[158, "CON1_C19", 6082.68, 1574.8, "B", "DIP", "CON1_C19", "", "C", 47.24, 47.24, 23.62, 90],
		[159, "CON1_C2", 6082.68, 236.22, "T", "DIP", "POW_12V", "", "C", 47.24, 47.24, 23.62, 90],
		[160, "CON1_C2", 6082.68, 236.22, "B", "DIP", "POW_12V", "", "C", 47.24, 47.24, 23.62, 90],
		[161, "CON1_C20", 6082.68, 1653.54, "T", "DIP", "CON1_C20", "", "C", 47.24, 47.24, 23.62, 90],
		[162, "CON1_C20", 6082.68, 1653.54, "B", "DIP", "CON1_C20", "", "C", 47.24, 47.24, 23.62, 90],
		[163, "CON1_C21", 6082.68, 1732.28, "T", "DIP", "CON1_C21", "", "C", 47.24, 47.24, 23.62, 90],
		[164, "CON1_C21", 6082.68, 1732.28, "B", "DIP", "CON1_C21", "", "C", 47.24, 47.24, 23.62, 90],
		[165, "CON1_C22", 6082.68, 1811.02, "T", "DIP", "CON1_C22", "", "C", 47.24, 47.24, 23.62, 90],
		[166, "CON1_C22", 6082.68, 1811.02, "B", "DIP", "CON1_C22", "", "C", 47.24, 47.24, 23.62, 90],
		[167, "CON1_C23", 6082.68, 1889.76, "T", "DIP", "CON1_C23", "", "C", 47.24, 47.24, 23.62, 90],
		[168, "CON1_C23", 6082.68, 1889.76, "B", "DIP", "CON1_C23", "", "C", 47.24, 47.24, 23.62, 90],
		[169, "CON1_C24", 6082.68, 1968.5, "T", "DIP", "CON1_C24", "", "C", 47.24, 47.24, 23.62, 90],
		[170, "CON1_C24", 6082.68, 1968.5, "B", "DIP", "CON1_C24", "", "C", 47.24, 47.24, 23.62, 90],
		[171, "CON1_C25", 6082.68, 2047.24, "T", "DIP", "CON1_C25", "", "C", 47.24, 47.24, 23.62, 90],
		[172, "CON1_C25", 6082.68, 2047.24, "B", "DIP", "CON1_C25", "", "C", 47.24, 47.24, 23.62, 90],
		[173, "CON1_C3", 6082.68, 314.96, "T", "DIP", "POW_12V", "", "C", 47.24, 47.24, 23.62, 90],
		[174, "CON1_C3", 6082.68, 314.96, "B", "DIP", "POW_12V", "", "C", 47.24, 47.24, 23.62, 90],
		[175, "CON1_C4", 6082.68, 393.7, "T", "DIP", "GND", "GND", "C", 47.24, 47.24, 23.62, 90],
		[176, "CON1_C4", 6082.68, 393.7, "B", "DIP", "GND", "GND", "C", 47.24, 47.24, 23.62, 90],
		[177, "CON1_C5", 6082.68, 472.44, "T", "DIP", "CON1_C5", "", "C", 47.24, 47.24, 23.62, 90],
		[178, "CON1_C5", 6082.68, 472.44, "B", "DIP", "CON1_C5", "", "C", 47.24, 47.24, 23.62, 90],
		[179, "CON1_C6", 6082.68, 551.18, "T", "DIP", "CON1_C6", "", "C", 47.24, 47.24, 23.62, 90],
		[180, "CON1_C6", 6082.68, 551.18, "B", "DIP", "CON1_C6", "", "C", 47.24, 47.24, 23.62, 90],
		[181, "CON1_C7", 6082.68, 629.92, "T", "DIP", "CON1_C7", "", "C", 47.24, 47.24, 23.62, 90],
		[182, "CON1_C7", 6082.68, 629.92, "B", "DIP", "CON1_C7", "", "C", 47.24, 47.24, 23.62, 90],
		[183, "CON1_C8", 6082.68, 708.66, "T", "DIP", "GND", "GND", "C", 47.24, 47.24, 23.62, 90],
		[184, "CON1_C8", 6082.68, 708.66, "B", "DIP", "GND", "GND", "C", 47.24, 47.24, 23.62, 90],
		[185, "CON1_C9", 6082.68, 787.4, "T", "DIP", "POW_5V", "", "C", 47.24, 47.24, 23.62, 90],
		[186, "CON1_C9", 6082.68, 787.4, "B", "DIP", "POW_5V", "", "C", 47.24, 47.24, 23.62, 90],
		[187, "CON1_D1", 6003.94, 157.48, "T", "DIP", "POW_12V", "", "C", 47.24, 47.24, 23.62, 90],
		[188, "CON1_D1", 6003.94, 157.48, "B", "DIP", "POW_12V", "", "C", 47.24, 47.24, 23.62, 90],
		[189, "CON1_D10", 6003.94, 866.14, "T", "DIP", "POW_5V", "", "C", 47.24, 47.24, 23.62, 90],
		[190, "CON1_D10", 6003.94, 866.14, "B", "DIP", "POW_5V", "", "C", 47.24, 47.24, 23.62, 90],
		[191, "CON1_D11", 6003.94, 944.88, "T", "DIP", "POW_5V", "", "C", 47.24, 47.24, 23.62, 90],
		[192, "CON1_D11", 6003.94, 944.88, "B", "DIP", "POW_5V", "", "C", 47.24, 47.24, 23.62, 90],
		[193, "CON1_D15", 6003.94, 1259.84, "T", "DIP", "CON1_D15", "", "C", 47.24, 47.24, 23.62, 90],
		[194, "CON1_D15", 6003.94, 1259.84, "B", "DIP", "CON1_D15", "", "C", 47.24, 47.24, 23.62, 90],
		[195, "CON1_D16", 6003.94, 1338.58, "T", "DIP", "CON1_D16", "", "C", 47.24, 47.24, 23.62, 90],
		[196, "CON1_D16", 6003.94, 1338.58, "B", "DIP", "CON1_D16", "", "C", 47.24, 47.24, 23.62, 90],
		[197, "CON1_D17", 6003.94, 1417.32, "T", "DIP", "CON1_D17", "", "C", 47.24, 47.24, 23.62, 90],
		[198, "CON1_D17", 6003.94, 1417.32, "B", "DIP", "CON1_D17", "", "C", 47.24, 47.24, 23.62, 90],
		[199, "CON1_D18", 6003.94, 1496.06, "T", "DIP", "CON1_D18", "", "C", 47.24, 47.24, 23.62, 90],
		[200, "CON1_D18", 6003.94, 1496.06, "B", "DIP", "CON1_D18", "", "C", 47.24, 47.24, 23.62, 90],
		[201, "CON1_D19", 6003.94, 1574.8, "T", "DIP", "CON1_D19", "", "C", 47.24, 47.24, 23.62, 90],
		[202, "CON1_D19", 6003.94, 1574.8, "B", "DIP", "CON1_D19", "", "C", 47.24, 47.24, 23.62, 90],
		[203, "CON1_D2", 6003.94, 236.22, "T", "DIP", "POW_12V", "", "C", 47.24, 47.24, 23.62, 90],
		[204, "CON1_D2", 6003.94, 236.22, "B", "DIP", "POW_12V", "", "C", 47.24, 47.24, 23.62, 90],
		[205, "CON1_D20", 6003.94, 1653.54, "T", "DIP", "CON1_D20", "", "C", 47.24, 47.24, 23.62, 90],
		[206, "CON1_D20", 6003.94, 1653.54, "B", "DIP", "CON1_D20", "", "C", 47.24, 47.24, 23.62, 90],
		[207, "CON1_D21", 6003.94, 1732.28, "T", "DIP", "CON1_D21", "", "C", 47.24, 47.24, 23.62, 90],
		[208, "CON1_D21", 6003.94, 1732.28, "B", "DIP", "CON1_D21", "", "C", 47.24, 47.24, 23.62, 90],
		[209, "CON1_D22", 6003.94, 1811.02, "T", "DIP", "CON1_D22", "", "C", 47.24, 47.24, 23.62, 90],
		[210, "CON1_D22", 6003.94, 1811.02, "B", "DIP", "CON1_D22", "", "C", 47.24, 47.24, 23.62, 90],
		[211, "CON1_D23", 6003.94, 1889.76, "T", "DIP", "CON1_D23", "", "C", 47.24, 47.24, 23.62, 90],
		[212, "CON1_D23", 6003.94, 1889.76, "B", "DIP", "CON1_D23", "", "C", 47.24, 47.24, 23.62, 90],
		[213, "CON1_D24", 6003.94, 1968.5, "T", "DIP", "CON1_D24", "", "C", 47.24, 47.24, 23.62, 90],
		[214, "CON1_D24", 6003.94, 1968.5, "B", "DIP", "CON1_D24", "", "C", 47.24, 47.24, 23.62, 90],
		[215, "CON1_D25", 6003.94, 2047.24, "T", "DIP", "CON1_D25", "", "C", 47.24, 47.24, 23.62, 90],
		[216, "CON1_D25", 6003.94, 2047.24, "B", "DIP", "CON1_D25", "", "C", 47.24, 47.24, 23.62, 90],
		[217, "CON1_D3", 6003.94, 314.96, "T", "DIP", "POW_12V", "", "C", 47.24, 47.24, 23.62, 90],
		[218, "CON1_D3", 6003.94, 314.96, "B", "DIP", "POW_12V", "", "C", 47.24, 47.24, 23.62, 90],
		[219, "CON1_D4", 6003.94, 393.7, "T", "DIP", "GND", "GND", "C", 47.24, 47.24, 23.62, 90],
		[220, "CON1_D4", 6003.94, 393.7, "B", "DIP", "GND", "GND", "C", 47.24, 47.24, 23.62, 90],
		[221, "CON1_D5", 6003.94, 472.44, "T", "DIP", "CON1_D5", "", "C", 47.24, 47.24, 23.62, 90],
		[222, "CON1_D5", 6003.94, 472.44, "B", "DIP", "CON1_D5", "", "C", 47.24, 47.24, 23.62, 90],
		[223, "CON1_D6", 6003.94, 551.18, "T", "DIP", "CON1_D6", "", "C", 47.24, 47.24, 23.62, 90],
		[224, "CON1_D6", 6003.94, 551.18, "B", "DIP", "CON1_D6", "", "C", 47.24, 47.24, 23.62, 90],
		[225, "CON1_D7", 6003.94, 629.92, "T", "DIP", "CON1_D7", "", "C", 47.24, 47.24, 23.62, 90],
		[226, "CON1_D7", 6003.94, 629.92, "B", "DIP", "CON1_D7", "", "C", 47.24, 47.24, 23.62, 90],
		[227, "CON1_D8", 6003.94, 708.66, "T", "DIP", "GND", "GND", "C", 47.24, 47.24, 23.62, 90],
		[228, "CON1_D8", 6003.94, 708.66, "B", "DIP", "GND", "GND", "C", 47.24, 47.24, 23.62, 90],
		[229, "CON1_D9", 6003.94, 787.4, "T", "DIP", "POW_5V", "", "C", 47.24, 47.24, 23.62, 90],
		[230, "CON1_D9", 6003.94, 787.4, "B", "DIP", "POW_5V", "", "C", 47.24, 47.24, 23.62, 90],
		[231, "CON1_E1", 5925.2, 157.48, "T", "DIP", "POW_12V", "", "C", 47.24, 47.24, 23.62, 90],
		[232, "CON1_E1", 5925.2, 157.48, "B", "DIP", "POW_12V", "", "C", 47.24, 47.24, 23.62, 90],
		[233, "CON1_E10", 5925.2, 866.14, "T", "DIP", "POW_5V", "", "C", 47.24, 47.24, 23.62, 90],
		[234, "CON1_E10", 5925.2, 866.14, "B", "DIP", "POW_5V", "", "C", 47.24, 47.24, 23.62, 90],
		[235, "CON1_E11", 5925.2, 944.88, "T", "DIP", "POW_5V", "", "C", 47.24, 47.24, 23.62, 90],
		[236, "CON1_E11", 5925.2, 944.88, "B", "DIP", "POW_5V", "", "C", 47.24, 47.24, 23.62, 90],
		[237, "CON1_E15", 5925.2, 1259.84, "T", "DIP", "CON1_E15", "", "C", 47.24, 47.24, 23.62, 90],
		[238, "CON1_E15", 5925.2, 1259.84, "B", "DIP", "CON1_E15", "", "C", 47.24, 47.24, 23.62, 90],
		[239, "CON1_E16", 5925.2, 1338.58, "T", "DIP", "CON1_E16", "", "C", 47.24, 47.24, 23.62, 90],
		[240, "CON1_E16", 5925.2, 1338.58, "B", "DIP", "CON1_E16", "", "C", 47.24, 47.24, 23.62, 90],
		[241, "CON1_E17", 5925.2, 1417.32, "T", "DIP", "CON1_E17", "", "C", 47.24, 47.24, 23.62, 90],
		[242, "CON1_E17", 5925.2, 1417.32, "B", "DIP", "CON1_E17", "", "C", 47.24, 47.24, 23.62, 90],
		[243, "CON1_E18", 5925.2, 1496.06, "T", "DIP", "CON1_E18", "", "C", 47.24, 47.24, 23.62, 90],
		[244, "CON1_E18", 5925.2, 1496.06, "B", "DIP", "CON1_E18", "", "C", 47.24, 47.24, 23.62, 90],
		[245, "CON1_E19", 5925.2, 1574.8, "T", "DIP", "CON1_E19", "", "C", 47.24, 47.24, 23.62, 90],
		[246, "CON1_E19", 5925.2, 1574.8, "B", "DIP", "CON1_E19", "", "C", 47.24, 47.24, 23.62, 90],
		[247, "CON1_E2", 5925.2, 236.22, "T", "DIP", "POW_12V", "", "C", 47.24, 47.24, 23.62, 90],
		[248, "CON1_E2", 5925.2, 236.22, "B", "DIP", "POW_12V", "", "C", 47.24, 47.24, 23.62, 90],
		[249, "CON1_E20", 5925.2, 1653.54, "T", "DIP", "CON1_E20", "", "C", 47.24, 47.24, 23.62, 90],
		[250, "CON1_E20", 5925.2, 1653.54, "B", "DIP", "CON1_E20", "", "C", 47.24, 47.24, 23.62, 90],
		[251, "CON1_E21", 5925.2, 1732.28, "T", "DIP", "CON1_E21", "", "C", 47.24, 47.24, 23.62, 90],
		[252, "CON1_E21", 5925.2, 1732.28, "B", "DIP", "CON1_E21", "", "C", 47.24, 47.24, 23.62, 90],
		[253, "CON1_E22", 5925.2, 1811.02, "T", "DIP", "CON1_E22", "", "C", 47.24, 47.24, 23.62, 90],
		[254, "CON1_E22", 5925.2, 1811.02, "B", "DIP", "CON1_E22", "", "C", 47.24, 47.24, 23.62, 90],
		[255, "CON1_E23", 5925.2, 1889.76, "T", "DIP", "CON1_E23", "", "C", 47.24, 47.24, 23.62, 90],
		[256, "CON1_E23", 5925.2, 1889.76, "B", "DIP", "CON1_E23", "", "C", 47.24, 47.24, 23.62, 90],
		[257, "CON1_E24", 5925.2, 1968.5, "T", "DIP", "CON1_E24", "", "C", 47.24, 47.24, 23.62, 90],
		[258, "CON1_E24", 5925.2, 1968.5, "B", "DIP", "CON1_E24", "", "C", 47.24, 47.24, 23.62, 90],
		[259, "CON1_E25", 5925.2, 2047.24, "T", "DIP", "CON1_E25", "", "C", 47.24, 47.24, 23.62, 90],
		[260, "CON1_E25", 5925.2, 2047.24, "B", "DIP", "CON1_E25", "", "C", 47.24, 47.24, 23.62, 90],
		[261, "CON1_E3", 5925.2, 314.96, "T", "DIP", "POW_12V", "", "C", 47.24, 47.24, 23.62, 90],
		[262, "CON1_E3", 5925.2, 314.96, "B", "DIP", "POW_12V", "", "C", 47.24, 47.24, 23.62, 90],
		[263, "CON1_E4", 5925.2, 393.7, "T", "DIP", "GND", "GND", "C", 47.24, 47.24, 23.62, 90],
		[264, "CON1_E4", 5925.2, 393.7, "B", "DIP", "GND", "GND", "C", 47.24, 47.24, 23.62, 90],
		[265, "CON1_E5", 5925.2, 472.44, "T", "DIP", "CON1_E5", "", "C", 47.24, 47.24, 23.62, 90],
		[266, "CON1_E5", 5925.2, 472.44, "B", "DIP", "CON1_E5", "", "C", 47.24, 47.24, 23.62, 90],
		[267, "CON1_E6", 5925.2, 551.18, "T", "DIP", "CON1_E6", "", "C", 47.24, 47.24, 23.62, 90],
		[268, "CON1_E6", 5925.2, 551.18, "B", "DIP", "CON1_E6", "", "C", 47.24, 47.24, 23.62, 90],
		[269, "CON1_E7", 5925.2, 629.92, "T", "DIP", "CON1_E7", "", "C", 47.24, 47.24, 23.62, 90],
		[270, "CON1_E7", 5925.2, 629.92, "B", "DIP", "CON1_E7", "", "C", 47.24, 47.24, 23.62, 90],
		[271, "CON1_E8", 5925.2, 708.66, "T", "DIP", "GND", "GND", "C", 47.24, 47.24, 23.62, 90],
		[272, "CON1_E8", 5925.2, 708.66, "B", "DIP", "GND", "GND", "C", 47.24, 47.24, 23.62, 90],
		[273, "CON1_E9", 5925.2, 787.4, "T", "DIP", "POW_5V", "", "C", 47.24, 47.24, 23.62, 90],
		[274, "CON1_E9", 5925.2, 787.4, "B", "DIP", "POW_5V", "", "C", 47.24, 47.24, 23.62, 90],
		[275, "CON1_F1", 5846.46, 157.48, "T", "DIP", "GND", "GND", "C", 47.24, 47.24, 23.62, 90],
		[276, "CON1_F1", 5846.46, 157.48, "B", "DIP", "GND", "GND", "C", 47.24, 47.24, 23.62, 90],
		[277, "CON1_F10", 5846.46, 866.14, "T", "DIP", "GND", "GND", "C", 47.24, 47.24, 23.62, 90],
		[278, "CON1_F10", 5846.46, 866.14, "B", "DIP", "GND", "GND", "C", 47.24, 47.24, 23.62, 90],
		[279, "CON1_F11", 5846.46, 944.88, "T", "DIP", "GND", "GND", "C", 47.24, 47.24, 23.62, 90],
		[280, "CON1_F11", 5846.46, 944.88, "B", "DIP", "GND", "GND", "C", 47.24, 47.24, 23.62, 90],
		[281, "CON1_F12", 5846.46, 1023.62, "T", "DIP", "GND", "GND", "C", 47.24, 47.24, 23.62, 90],
		[282, "CON1_F12", 5846.46, 1023.62, "B", "DIP", "GND", "GND", "C", 47.24, 47.24, 23.62, 90],
		[283, "CON1_F13", 5846.46, 1102.36, "T", "DIP", "GND", "GND", "C", 47.24, 47.24, 23.62, 90],
		[284, "CON1_F13", 5846.46, 1102.36, "B", "DIP", "GND", "GND", "C", 47.24, 47.24, 23.62, 90],
		[285, "CON1_F14", 5846.46, 1181.1, "T", "DIP", "GND", "GND", "C", 47.24, 47.24, 23.62, 90],
		[286, "CON1_F14", 5846.46, 1181.1, "B", "DIP", "GND", "GND", "C", 47.24, 47.24, 23.62, 90],
		[287, "CON1_F15", 5846.46, 1259.84, "T", "DIP", "GND", "GND", "C", 47.24, 47.24, 23.62, 90],
		[288, "CON1_F15", 5846.46, 1259.84, "B", "DIP", "GND", "GND", "C", 47.24, 47.24, 23.62, 90],
		[289, "CON1_F16", 5846.46, 1338.58, "T", "DIP", "GND", "GND", "C", 47.24, 47.24, 23.62, 90],
		[290, "CON1_F16", 5846.46, 1338.58, "B", "DIP", "GND", "GND", "C", 47.24, 47.24, 23.62, 90],
		[291, "CON1_F17", 5846.46, 1417.32, "T", "DIP", "GND", "GND", "C", 47.24, 47.24, 23.62, 90],
		[292, "CON1_F17", 5846.46, 1417.32, "B", "DIP", "GND", "GND", "C", 47.24, 47.24, 23.62, 90],
		[293, "CON1_F18", 5846.46, 1496.06, "T", "DIP", "GND", "GND", "C", 47.24, 47.24, 23.62, 90],
		[294, "CON1_F18", 5846.46, 1496.06, "B", "DIP", "GND", "GND", "C", 47.24, 47.24, 23.62, 90],
		[295, "CON1_F19", 5846.46, 1574.8, "T", "DIP", "GND", "GND", "C", 47.24, 47.24, 23.62, 90],
		[296, "CON1_F19", 5846.46, 1574.8, "B", "DIP", "GND", "GND", "C", 47.24, 47.24, 23.62, 90],
		[297, "CON1_F2", 5846.46, 236.22, "T", "DIP", "GND", "GND", "C", 47.24, 47.24, 23.62, 90],
		[298, "CON1_F2", 5846.46, 236.22, "B", "DIP", "GND", "GND", "C", 47.24, 47.24, 23.62, 90],
		[299, "CON1_F20", 5846.46, 1653.54, "T", "DIP", "GND", "GND", "C", 47.24, 47.24, 23.62, 90],
		[300, "CON1_F20", 5846.46, 1653.54, "B", "DIP", "GND", "GND", "C", 47.24, 47.24, 23.62, 90],
		[301, "CON1_F21", 5846.46, 1732.28, "T", "DIP", "GND", "GND", "C", 47.24, 47.24, 23.62, 90],
		[302, "CON1_F21", 5846.46, 1732.28, "B", "DIP", "GND", "GND", "C", 47.24, 47.24, 23.62, 90],
		[303, "CON1_F22", 5846.46, 1811.02, "T", "DIP", "GND", "GND", "C", 47.24, 47.24, 23.62, 90],
		[304, "CON1_F22", 5846.46, 1811.02, "B", "DIP", "GND", "GND", "C", 47.24, 47.24, 23.62, 90],
		[305, "CON1_F23", 5846.46, 1889.76, "T", "DIP", "GND", "GND", "C", 47.24, 47.24, 23.62, 90],
		[306, "CON1_F23", 5846.46, 1889.76, "B", "DIP", "GND", "GND", "C", 47.24, 47.24, 23.62, 90],
		[307, "CON1_F24", 5846.46, 1968.5, "T", "DIP", "GND", "GND", "C", 47.24, 47.24, 23.62, 90],
		[308, "CON1_F24", 5846.46, 1968.5, "B", "DIP", "GND", "GND", "C", 47.24, 47.24, 23.62, 90],
		[309, "CON1_F25", 5846.46, 2047.24, "T", "DIP", "GND", "GND", "C", 47.24, 47.24, 23.62, 90],
		[310, "CON1_F25", 5846.46, 2047.24, "B", "DIP", "GND", "GND", "C", 47.24, 47.24, 23.62, 90],
		[311, "CON1_F3", 5846.46, 314.96, "T", "DIP", "GND", "GND", "C", 47.24, 47.24, 23.62, 90],
		[312, "CON1_F3", 5846.46, 314.96, "B", "DIP", "GND", "GND", "C", 47.24, 47.24, 23.62, 90],
		[313, "CON1_F4", 5846.46, 393.7, "T", "DIP", "GND", "GND", "C", 47.24, 47.24, 23.62, 90],
		[314, "CON1_F4", 5846.46, 393.7, "B", "DIP", "GND", "GND", "C", 47.24, 47.24, 23.62, 90],
		[315, "CON1_F5", 5846.46, 472.44, "T", "DIP", "GND", "GND", "C", 47.24, 47.24, 23.62, 90],
		[316, "CON1_F5", 5846.46, 472.44, "B", "DIP", "GND", "GND", "C", 47.24, 47.24, 23.62, 90],
		[317, "CON1_F6", 5846.46, 551.18, "T", "DIP", "GND", "GND", "C", 47.24, 47.24, 23.62, 90],
		[318, "CON1_F6", 5846.46, 551.18, "B", "DIP", "GND", "GND", "C", 47.24, 47.24, 23.62, 90],
		[319, "CON1_F7", 5846.46, 629.92, "T", "DIP", "GND", "GND", "C", 47.24, 47.24, 23.62, 90],
		[320, "CON1_F7", 5846.46, 629.92, "B", "DIP", "GND", "GND", "C", 47.24, 47.24, 23.62, 90],
		[321, "CON1_F8", 5846.46, 708.66, "T", "DIP", "GND", "GND", "C", 47.24, 47.24, 23.62, 90],
		[322, "CON1_F8", 5846.46, 708.66, "B", "DIP", "GND", "GND", "C", 47.24, 47.24, 23.62, 90],
		[323, "CON1_F9", 5846.46, 787.4, "T", "DIP", "GND", "GND", "C", 47.24, 47.24, 23.62, 90],
		[324, "CON1_F9", 5846.46, 787.4, "B", "DIP", "GND", "GND", "C", 47.24, 47.24, 23.62, 90],
		[325, "CON2_A1", 6240.16, 2125.98, "T", "DIP", "CON2_A1", "", "C", 47.24, 47.24, 23.62, 90],
		[326, "CON2_A1", 6240.16, 2125.98, "B", "DIP", "CON2_A1", "", "C", 47.24, 47.24, 23.62, 90],
		[327, "CON2_A10", 6240.16, 2834.65, "T", "DIP", "CON2_A10", "", "C", 47.24, 47.24, 23.62, 90],
		[328, "CON2_A10", 6240.16, 2834.65, "B", "DIP", "CON2_A10", "", "C", 47.24, 47.24, 23.62, 90],
		[329, "CON2_A11", 6240.16, 2913.39, "T", "DIP", "CON2_A11", "", "C", 47.24, 47.24, 23.62, 90],
		[330, "CON2_A11", 6240.16, 2913.39, "B", "DIP", "CON2_A11", "", "C", 47.24, 47.24, 23.62, 90],
		[331, "CON2_A12", 6240.16, 2992.13, "T", "DIP", "CON2_A12", "", "C", 47.24, 47.24, 23.62, 90],
		[332, "CON2_A12", 6240.16, 2992.13, "B", "DIP", "CON2_A12", "", "C", 47.24, 47.24, 23.62, 90],
		[333, "CON2_A13", 6240.16, 3070.87, "T", "DIP", "CON2_A13", "", "C", 47.24, 47.24, 23.62, 90],
		[334, "CON2_A13", 6240.16, 3070.87, "B", "DIP", "CON2_A13", "", "C", 47.24, 47.24, 23.62, 90],
		[335, "CON2_A14", 6240.16, 3149.61, "T", "DIP", "CON2_A14", "", "C", 47.24, 47.24, 23.62, 90],
		[336, "CON2_A14", 6240.16, 3149.61, "B", "DIP", "CON2_A14", "", "C", 47.24, 47.24, 23.62, 90],
		[337, "CON2_A15", 6240.16, 3228.35, "T", "DIP", "CON2_A15", "", "C", 47.24, 47.24, 23.62, 90],
		[338, "CON2_A15", 6240.16, 3228.35, "B", "DIP", "CON2_A15", "", "C", 47.24, 47.24, 23.62, 90],
		[339, "CON2_A16", 6240.16, 3307.09, "T", "DIP", "CON2_A16", "", "C", 47.24, 47.24, 23.62, 90],
		[340, "CON2_A16", 6240.16, 3307.09, "B", "DIP", "CON2_A16", "", "C", 47.24, 47.24, 23.62, 90],
		[341, "CON2_A17", 6240.16, 3385.83, "T", "DIP", "CON2_A17", "", "C", 47.24, 47.24, 23.62, 90],
		[342, "CON2_A17", 6240.16, 3385.83, "B", "DIP", "CON2_A17", "", "C", 47.24, 47.24, 23.62, 90],
		[343, "CON2_A18", 6240.16, 3464.57, "T", "DIP", "CON2_A18", "", "C", 47.24, 47.24, 23.62, 90],
		[344, "CON2_A18", 6240.16, 3464.57, "B", "DIP", "CON2_A18", "", "C", 47.24, 47.24, 23.62, 90],
		[345, "CON2_A19", 6240.16, 3543.31, "T", "DIP", "CON2_A19", "", "C", 47.24, 47.24, 23.62, 90],
		[346, "CON2_A19", 6240.16, 3543.31, "B", "DIP", "CON2_A19", "", "C", 47.24, 47.24, 23.62, 90],
		[347, "CON2_A2", 6240.16, 2204.72, "T", "DIP", "CON2_A2", "", "C", 47.24, 47.24, 23.62, 90],
		[348, "CON2_A2", 6240.16, 2204.72, "B", "DIP", "CON2_A2", "", "C", 47.24, 47.24, 23.62, 90],
		[349, "CON2_A20", 6240.16, 3622.05, "T", "DIP", "CON2_A20", "", "C", 47.24, 47.24, 23.62, 90],
		[350, "CON2_A20", 6240.16, 3622.05, "B", "DIP", "CON2_A20", "", "C", 47.24, 47.24, 23.62, 90],
		[351, "CON2_A21", 6240.16, 3700.79, "T", "DIP", "CON2_A21", "", "C", 47.24, 47.24, 23.62, 90],
		[352, "CON2_A21", 6240.16, 3700.79, "B", "DIP", "CON2_A21", "", "C", 47.24, 47.24, 23.62, 90],
		[353, "CON2_A22", 6240.16, 3779.53, "T", "DIP", "CON2_A22", "", "C", 47.24, 47.24, 23.62, 90],
		[354, "CON2_A22", 6240.16, 3779.53, "B", "DIP", "CON2_A22", "", "C", 47.24, 47.24, 23.62, 90],
		[355, "CON2_A3", 6240.16, 2283.46, "T", "DIP", "CON2_A3", "", "C", 47.24, 47.24, 23.62, 90],
		[356, "CON2_A3", 6240.16, 2283.46, "B", "DIP", "CON2_A3", "", "C", 47.24, 47.24, 23.62, 90],
		[357, "CON2_A4", 6240.16, 2362.2, "T", "DIP", "CON2_A4", "", "C", 47.24, 47.24, 23.62, 90],
		[358, "CON2_A4", 6240.16, 2362.2, "B", "DIP", "CON2_A4", "", "C", 47.24, 47.24, 23.62, 90],
		[359, "CON2_A5", 6240.16, 2440.94, "T", "DIP", "CON2_A5", "", "C", 47.24, 47.24, 23.62, 90],
		[360, "CON2_A5", 6240.16, 2440.94, "B", "DIP", "CON2_A5", "", "C", 47.24, 47.24, 23.62, 90],
		[361, "CON2_A6", 6240.16, 2519.69, "T", "DIP", "CON2_A6", "", "C", 47.24, 47.24, 23.62, 90],
		[362, "CON2_A6", 6240.16, 2519.69, "B", "DIP", "CON2_A6", "", "C", 47.24, 47.24, 23.62, 90],
		[363, "CON2_A7", 6240.16, 2598.43, "T", "DIP", "CON2_A7", "", "C", 47.24, 47.24, 23.62, 90],
		[364, "CON2_A7", 6240.16, 2598.43, "B", "DIP", "CON2_A7", "", "C", 47.24, 47.24, 23.62, 90],
		[365, "CON2_A8", 6240.16, 2677.17, "T", "DIP", "CON2_A8", "", "C", 47.24, 47.24, 23.62, 90],
		[366, "CON2_A8", 6240.16, 2677.17, "B", "DIP", "CON2_A8", "", "C", 47.24, 47.24, 23.62, 90],
		[367, "CON2_A9", 6240.16, 2755.91, "T", "DIP", "CON2_A9", "", "C", 47.24, 47.24, 23.62, 90],
		[368, "CON2_A9", 6240.16, 2755.91, "B", "DIP", "CON2_A9", "", "C", 47.24, 47.24, 23.62, 90],
		[369, "CON2_B1", 6161.42, 2125.98, "T", "DIP", "CON2_B1", "", "C", 47.24, 47.24, 23.62, 90],
		[370, "CON2_B1", 6161.42, 2125.98, "B", "DIP", "CON2_B1", "", "C", 47.24, 47.24, 23.62, 90],
		[371, "CON2_B10", 6161.42, 2834.65, "T", "DIP", "CON2_B10", "", "C", 47.24, 47.24, 23.62, 90],
		[372, "CON2_B10", 6161.42, 2834.65, "B", "DIP", "CON2_B10", "", "C", 47.24, 47.24, 23.62, 90],
		[373, "CON2_B11", 6161.42, 2913.39, "T", "DIP", "CON2_B11", "", "C", 47.24, 47.24, 23.62, 90],
		[374, "CON2_B11", 6161.42, 2913.39, "B", "DIP", "CON2_B11", "", "C", 47.24, 47.24, 23.62, 90],
		[375, "CON2_B12", 6161.42, 2992.13, "T", "DIP", "CON2_B12", "", "C", 47.24, 47.24, 23.62, 90],
		[376, "CON2_B12", 6161.42, 2992.13, "B", "DIP", "CON2_B12", "", "C", 47.24, 47.24, 23.62, 90],
		[377, "CON2_B13", 6161.42, 3070.87, "T", "DIP", "CON2_B13", "", "C", 47.24, 47.24, 23.62, 90],
		[378, "CON2_B13", 6161.42, 3070.87, "B", "DIP", "CON2_B13", "", "C", 47.24, 47.24, 23.62, 90],
		[379, "CON2_B14", 6161.42, 3149.61, "T", "DIP", "CON2_B14", "", "C", 47.24, 47.24, 23.62, 90],
		[380, "CON2_B14", 6161.42, 3149.61, "B", "DIP", "CON2_B14", "", "C", 47.24, 47.24, 23.62, 90],
		[381, "CON2_B15", 6161.42, 3228.35, "T", "DIP", "CON2_B15", "", "C", 47.24, 47.24, 23.62, 90],
		[382, "CON2_B15", 6161.42, 3228.35, "B", "DIP", "CON2_B15", "", "C", 47.24, 47.24, 23.62, 90],
		[383, "CON2_B16", 6161.42, 3307.09, "T", "DIP", "CON2_B16", "", "C", 47.24, 47.24, 23.62, 90],
		[384, "CON2_B16", 6161.42, 3307.09, "B", "DIP", "CON2_B16", "", "C", 47.24, 47.24, 23.62, 90],
		[385, "CON2_B17", 6161.42, 3385.83, "T", "DIP", "CON2_B17", "", "C", 47.24, 47.24, 23.62, 90],
		[386, "CON2_B17", 6161.42, 3385.83, "B", "DIP", "CON2_B17", "", "C", 47.24, 47.24, 23.62, 90],
		[387, "CON2_B18", 6161.42, 3464.57, "T", "DIP", "CON2_B18", "", "C", 47.24, 47.24, 23.62, 90],
		[388, "CON2_B18", 6161.42, 3464.57, "B", "DIP", "CON2_B18", "", "C", 47.24, 47.24, 23.62, 90],
		[389, "CON2_B19", 6161.42, 3543.31, "T", "DIP", "CON2_B19", "", "C", 47.24, 47.24, 23.62, 90],
		[390, "CON2_B19", 6161.42, 3543.31, "B", "DIP", "CON2_B19", "", "C", 47.24, 47.24, 23.62, 90],
		[391, "CON2_B2", 6161.42, 2204.72, "T", "DIP", "CON2_B2", "", "C", 47.24, 47.24, 23.62, 90],
		[392, "CON2_B2", 6161.42, 2204.72, "B", "DIP", "CON2_B2", "", "C", 47.24, 47.24, 23.62, 90],
		[393, "CON2_B20", 6161.42, 3622.05, "T", "DIP", "CON2_B20", "", "C", 47.24, 47.24, 23.62, 90],
		[394, "CON2_B20", 6161.42, 3622.05, "B", "DIP", "CON2_B20", "", "C", 47.24, 47.24, 23.62, 90],
		[395, "CON2_B21", 6161.42, 3700.79, "T", "DIP", "CON2_B21", "", "C", 47.24, 47.24, 23.62, 90],
		[396, "CON2_B21", 6161.42, 3700.79, "B", "DIP", "CON2_B21", "", "C", 47.24, 47.24, 23.62, 90],
		[397, "CON2_B22", 6161.42, 3779.53, "T", "DIP", "CON2_B22", "", "C", 47.24, 47.24, 23.62, 90],
		[398, "CON2_B22", 6161.42, 3779.53, "B", "DIP", "CON2_B22", "", "C", 47.24, 47.24, 23.62, 90],
		[399, "CON2_B3", 6161.42, 2283.46, "T", "DIP", "CON2_B3", "", "C", 47.24, 47.24, 23.62, 90],
		[400, "CON2_B3", 6161.42, 2283.46, "B", "DIP", "CON2_B3", "", "C", 47.24, 47.24, 23.62, 90],
		[401, "CON2_B4", 6161.42, 2362.2, "T", "DIP", "CON2_B4", "", "C", 47.24, 47.24, 23.62, 90],
		[402, "CON2_B4", 6161.42, 2362.2, "B", "DIP", "CON2_B4", "", "C", 47.24, 47.24, 23.62, 90],
		[403, "CON2_B5", 6161.42, 2440.94, "T", "DIP", "CON2_B5", "", "C", 47.24, 47.24, 23.62, 90],
		[404, "CON2_B5", 6161.42, 2440.94, "B", "DIP", "CON2_B5", "", "C", 47.24, 47.24, 23.62, 90],
		[405, "CON2_B6", 6161.42, 2519.69, "T", "DIP", "CON2_B6", "", "C", 47.24, 47.24, 23.62, 90],
		[406, "CON2_B6", 6161.42, 2519.69, "B", "DIP", "CON2_B6", "", "C", 47.24, 47.24, 23.62, 90],
		[407, "CON2_B7", 6161.42, 2598.43, "T", "DIP", "CON2_B7", "", "C", 47.24, 47.24, 23.62, 90],
		[408, "CON2_B7", 6161.42, 2598.43, "B", "DIP", "CON2_B7", "", "C", 47.24, 47.24, 23.62, 90],
		[409, "CON2_B8", 6161.42, 2677.17, "T", "DIP", "CON2_B8", "", "C", 47.24, 47.24, 23.62, 90],
		[410, "CON2_B8", 6161.42, 2677.17, "B", "DIP", "CON2_B8", "", "C", 47.24, 47.24, 23.62, 90],
		[411, "CON2_B9", 6161.42, 2755.91, "T", "DIP", "CON2_B9", "", "C", 47.24, 47.24, 23.62, 90],
		[412, "CON2_B9", 6161.42, 2755.91, "B", "DIP", "CON2_B9", "", "C", 47.24, 47.24, 23.62, 90],
		[413, "CON2_C1", 6082.68, 2125.98, "T", "DIP", "CON2_C1", "", "C", 47.24, 47.24, 23.62, 90],
		[414, "CON2_C1", 6082.68, 2125.98, "B", "DIP", "CON2_C1", "", "C", 47.24, 47.24, 23.62, 90],
		[415, "CON2_C10", 6082.68, 2834.65, "T", "DIP", "CON2_C10", "", "C", 47.24, 47.24, 23.62, 90],
		[416, "CON2_C10", 6082.68, 2834.65, "B", "DIP", "CON2_C10", "", "C", 47.24, 47.24, 23.62, 90],
		[417, "CON2_C11", 6082.68, 2913.39, "T", "DIP", "CON2_C11", "", "C", 47.24, 47.24, 23.62, 90],
		[418, "CON2_C11", 6082.68, 2913.39, "B", "DIP", "CON2_C11", "", "C", 47.24, 47.24, 23.62, 90],
		[419, "CON2_C12", 6082.68, 2992.13, "T", "DIP", "CON2_C12", "", "C", 47.24, 47.24, 23.62, 90],
		[420, "CON2_C12", 6082.68, 2992.13, "B", "DIP", "CON2_C12", "", "C", 47.24, 47.24, 23.62, 90],
		[421, "CON2_C13", 6082.68, 3070.87, "T", "DIP", "CON2_C13", "", "C", 47.24, 47.24, 23.62, 90],
		[422, "CON2_C13", 6082.68, 3070.87, "B", "DIP", "CON2_C13", "", "C", 47.24, 47.24, 23.62, 90],
		[423, "CON2_C14", 6082.68, 3149.61, "T", "DIP", "CON2_C14", "", "C", 47.24, 47.24, 23.62, 90],
		[424, "CON2_C14", 6082.68, 3149.61, "B", "DIP", "CON2_C14", "", "C", 47.24, 47.24, 23.62, 90],
		[425, "CON2_C15", 6082.68, 3228.35, "T", "DIP", "CON2_C15", "", "C", 47.24, 47.24, 23.62, 90],
		[426, "CON2_C15", 6082.68, 3228.35, "B", "DIP", "CON2_C15", "", "C", 47.24, 47.24, 23.62, 90],
		[427, "CON2_C16", 6082.68, 3307.09, "T", "DIP", "CON2_C16", "", "C", 47.24, 47.24, 23.62, 90],
		[428, "CON2_C16", 6082.68, 3307.09, "B", "DIP", "CON2_C16", "", "C", 47.24, 47.24, 23.62, 90],
		[429, "CON2_C17", 6082.68, 3385.83, "T", "DIP", "CON2_C17", "", "C", 47.24, 47.24, 23.62, 90],
		[430, "CON2_C17", 6082.68, 3385.83, "B", "DIP", "CON2_C17", "", "C", 47.24, 47.24, 23.62, 90],
		[431, "CON2_C18", 6082.68, 3464.57, "T", "DIP", "CON2_C18", "", "C", 47.24, 47.24, 23.62, 90],
		[432, "CON2_C18", 6082.68, 3464.57, "B", "DIP", "CON2_C18", "", "C", 47.24, 47.24, 23.62, 90],
		[433, "CON2_C19", 6082.68, 3543.31, "T", "DIP", "CON2_C19", "", "C", 47.24, 47.24, 23.62, 90],
		[434, "CON2_C19", 6082.68, 3543.31, "B", "DIP", "CON2_C19", "", "C", 47.24, 47.24, 23.62, 90],
		[435, "CON2_C2", 6082.68, 2204.72, "T", "DIP", "CON2_C2", "", "C", 47.24, 47.24, 23.62, 90],
		[436, "CON2_C2", 6082.68, 2204.72, "B", "DIP", "CON2_C2", "", "C", 47.24, 47.24, 23.62, 90],
		[437, "CON2_C20", 6082.68, 3622.05, "T", "DIP", "CON2_C20", "", "C", 47.24, 47.24, 23.62, 90],
		[438, "CON2_C20", 6082.68, 3622.05, "B", "DIP", "CON2_C20", "", "C", 47.24, 47.24, 23.62, 90],
		[439, "CON2_C21", 6082.68, 3700.79, "T", "DIP", "CON2_C21", "", "C", 47.24, 47.24, 23.62, 90],
		[440, "CON2_C21", 6082.68, 3700.79, "B", "DIP", "CON2_C21", "", "C", 47.24, 47.24, 23.62, 90],
		[441, "CON2_C22", 6082.68, 3779.53, "T", "DIP", "CON2_C22", "", "C", 47.24, 47.24, 23.62, 90],
		[442, "CON2_C22", 6082.68, 3779.53, "B", "DIP", "CON2_C22", "", "C", 47.24, 47.24, 23.62, 90],
		[443, "CON2_C3", 6082.68, 2283.46, "T", "DIP", "CON2_C3", "", "C", 47.24, 47.24, 23.62, 90],
		[444, "CON2_C3", 6082.68, 2283.46, "B", "DIP", "CON2_C3", "", "C", 47.24, 47.24, 23.62, 90],
		[445, "CON2_C4", 6082.68, 2362.2, "T", "DIP", "CON2_C4", "", "C", 47.24, 47.24, 23.62, 90],
		[446, "CON2_C4", 6082.68, 2362.2, "B", "DIP", "CON2_C4", "", "C", 47.24, 47.24, 23.62, 90],
		[447, "CON2_C5", 6082.68, 2440.94, "T", "DIP", "CON2_C5", "", "C", 47.24, 47.24, 23.62, 90],
		[448, "CON2_C5", 6082.68, 2440.94, "B", "DIP", "CON2_C5", "", "C", 47.24, 47.24, 23.62, 90],
		[449, "CON2_C6", 6082.68, 2519.69, "T", "DIP", "CON2_C6", "", "C", 47.24, 47.24, 23.62, 90],
		[450, "CON2_C6", 6082.68, 2519.69, "B", "DIP", "CON2_C6", "", "C", 47.24, 47.24, 23.62, 90],
		[451, "CON2_C7", 6082.68, 2598.43, "T", "DIP", "CON2_C7", "", "C", 47.24, 47.24, 23.62, 90],
		[452, "CON2_C7", 6082.68, 2598.43, "B", "DIP", "CON2_C7", "", "C", 47.24, 47.24, 23.62, 90],
		[453, "CON2_C8", 6082.68, 2677.17, "T", "DIP", "CON2_C8", "", "C", 47.24, 47.24, 23.62, 90],
		[454, "CON2_C8", 6082.68, 2677.17, "B", "DIP", "CON2_C8", "", "C", 47.24, 47.24, 23.62, 90],
		[455, "CON2_C9", 6082.68, 2755.91, "T", "DIP", "CON2_C9", "", "C", 47.24, 47.24, 23.62, 90],
		[456, "CON2_C9", 6082.68, 2755.91, "B", "DIP", "CON2_C9", "", "C", 47.24, 47.24, 23.62, 90],
		[457, "CON2_D1", 6003.94, 2125.98, "T", "DIP", "CON2_D1", "", "C", 47.24, 47.24, 23.62, 90],
		[458, "CON2_D1", 6003.94, 2125.98, "B", "DIP", "CON2_D1", "", "C", 47.24, 47.24, 23.62, 90],
		[459, "CON2_D10", 6003.94, 2834.65, "T", "DIP", "CON2_D10", "", "C", 47.24, 47.24, 23.62, 90],
		[460, "CON2_D10", 6003.94, 2834.65, "B", "DIP", "CON2_D10", "", "C", 47.24, 47.24, 23.62, 90],
		[461, "CON2_D11", 6003.94, 2913.39, "T", "DIP", "CON2_D11", "", "C", 47.24, 47.24, 23.62, 90],
		[462, "CON2_D11", 6003.94, 2913.39, "B", "DIP", "CON2_D11", "", "C", 47.24, 47.24, 23.62, 90],
		[463, "CON2_D12", 6003.94, 2992.13, "T", "DIP", "CON2_D12", "", "C", 47.24, 47.24, 23.62, 90],
		[464, "CON2_D12", 6003.94, 2992.13, "B", "DIP", "CON2_D12", "", "C", 47.24, 47.24, 23.62, 90],
		[465, "CON2_D13", 6003.94, 3070.87, "T", "DIP", "CON2_D13", "", "C", 47.24, 47.24, 23.62, 90],
		[466, "CON2_D13", 6003.94, 3070.87, "B", "DIP", "CON2_D13", "", "C", 47.24, 47.24, 23.62, 90],
		[467, "CON2_D14", 6003.94, 3149.61, "T", "DIP", "CON2_D14", "", "C", 47.24, 47.24, 23.62, 90],
		[468, "CON2_D14", 6003.94, 3149.61, "B", "DIP", "CON2_D14", "", "C", 47.24, 47.24, 23.62, 90],
		[469, "CON2_D15", 6003.94, 3228.35, "T", "DIP", "CON2_D15", "", "C", 47.24, 47.24, 23.62, 90],
		[470, "CON2_D15", 6003.94, 3228.35, "B", "DIP", "CON2_D15", "", "C", 47.24, 47.24, 23.62, 90],
		[471, "CON2_D16", 6003.94, 3307.09, "T", "DIP", "CON2_D16", "", "C", 47.24, 47.24, 23.62, 90],
		[472, "CON2_D16", 6003.94, 3307.09, "B", "DIP", "CON2_D16", "", "C", 47.24, 47.24, 23.62, 90],
		[473, "CON2_D17", 6003.94, 3385.83, "T", "DIP", "CON2_D17", "", "C", 47.24, 47.24, 23.62, 90],
		[474, "CON2_D17", 6003.94, 3385.83, "B", "DIP", "CON2_D17", "", "C", 47.24, 47.24, 23.62, 90],
		[475, "CON2_D18", 6003.94, 3464.57, "T", "DIP", "CON2_D18", "", "C", 47.24, 47.24, 23.62, 90],
		[476, "CON2_D18", 6003.94, 3464.57, "B", "DIP", "CON2_D18", "", "C", 47.24, 47.24, 23.62, 90],
		[477, "CON2_D19", 6003.94, 3543.31, "T", "DIP", "SLOT_SW3", "", "C", 47.24, 47.24, 23.62, 90],
		[478, "CON2_D19", 6003.94, 3543.31, "B", "DIP", "SLOT_SW3", "", "C", 47.24, 47.24, 23.62, 90],
		[479, "CON2_D2", 6003.94, 2204.72, "T", "DIP", "CON2_D2", "", "C", 47.24, 47.24, 23.62, 90],
		[480, "CON2_D2", 6003.94, 2204.72, "B", "DIP", "CON2_D2", "", "C", 47.24, 47.24, 23.62, 90],
		[481, "CON2_D20", 6003.94, 3622.05, "T", "DIP", "SLOT_SW2", "", "C", 47.24, 47.24, 23.62, 90],
		[482, "CON2_D20", 6003.94, 3622.05, "B", "DIP", "SLOT_SW2", "", "C", 47.24, 47.24, 23.62, 90],
		[483, "CON2_D21", 6003.94, 3700.79, "T", "DIP", "SLOT_SW1", "", "C", 47.24, 47.24, 23.62, 90],
		[484, "CON2_D21", 6003.94, 3700.79, "B", "DIP", "SLOT_SW1", "", "C", 47.24, 47.24, 23.62, 90],
		[485, "CON2_D22", 6003.94, 3779.53, "T", "DIP", "SLOT_SW0", "", "C", 47.24, 47.24, 23.62, 90],
		[486, "CON2_D22", 6003.94, 3779.53, "B", "DIP", "SLOT_SW0", "", "C", 47.24, 47.24, 23.62, 90],
		[487, "CON2_D3", 6003.94, 2283.46, "T", "DIP", "CON2_D3", "", "C", 47.24, 47.24, 23.62, 90],
		[488, "CON2_D3", 6003.94, 2283.46, "B", "DIP", "CON2_D3", "", "C", 47.24, 47.24, 23.62, 90],
		[489, "CON2_D4", 6003.94, 2362.2, "T", "DIP", "CON2_D4", "", "C", 47.24, 47.24, 23.62, 90],
		[490, "CON2_D4", 6003.94, 2362.2, "B", "DIP", "CON2_D4", "", "C", 47.24, 47.24, 23.62, 90],
		[491, "CON2_D5", 6003.94, 2440.94, "T", "DIP", "CON2_D5", "", "C", 47.24, 47.24, 23.62, 90],
		[492, "CON2_D5", 6003.94, 2440.94, "B", "DIP", "CON2_D5", "", "C", 47.24, 47.24, 23.62, 90],
		[493, "CON2_D6", 6003.94, 2519.69, "T", "DIP", "CON2_D6", "", "C", 47.24, 47.24, 23.62, 90],
		[494, "CON2_D6", 6003.94, 2519.69, "B", "DIP", "CON2_D6", "", "C", 47.24, 47.24, 23.62, 90],
		[495, "CON2_D7", 6003.94, 2598.43, "T", "DIP", "CON2_D7", "", "C", 47.24, 47.24, 23.62, 90],
		[496, "CON2_D7", 6003.94, 2598.43, "B", "DIP", "CON2_D7", "", "C", 47.24, 47.24, 23.62, 90],
		[497, "CON2_D8", 6003.94, 2677.17, "T", "DIP", "CON2_D8", "", "C", 47.24, 47.24, 23.62, 90],
		[498, "CON2_D8", 6003.94, 2677.17, "B", "DIP", "CON2_D8", "", "C", 47.24, 47.24, 23.62, 90],
		[499, "CON2_D9", 6003.94, 2755.91, "T", "DIP", "CON2_D9", "", "C", 47.24, 47.24, 23.62, 90],
		[500, "CON2_D9", 6003.94, 2755.91, "B", "DIP", "CON2_D9", "", "C", 47.24, 47.24, 23.62, 90],
		[501, "CON2_E1", 5925.2, 2125.98, "T", "DIP", "CON2_E1", "", "C", 47.24, 47.24, 23.62, 90],
		[502, "CON2_E1", 5925.2, 2125.98, "B", "DIP", "CON2_E1", "", "C", 47.24, 47.24, 23.62, 90],
		[503, "CON2_E10", 5925.2, 2834.65, "T", "DIP", "CON2_E10", "", "C", 47.24, 47.24, 23.62, 90],
		[504, "CON2_E10", 5925.2, 2834.65, "B", "DIP", "CON2_E10", "", "C", 47.24, 47.24, 23.62, 90],
		[505, "CON2_E11", 5925.2, 2913.39, "T", "DIP", "CON2_E11", "", "C", 47.24, 47.24, 23.62, 90],
		[506, "CON2_E11", 5925.2, 2913.39, "B", "DIP", "CON2_E11", "", "C", 47.24, 47.24, 23.62, 90],
		[507, "CON2_E12", 5925.2, 2992.13, "T", "DIP", "CON2_E12", "", "C", 47.24, 47.24, 23.62, 90],
		[508, "CON2_E12", 5925.2, 2992.13, "B", "DIP", "CON2_E12", "", "C", 47.24, 47.24, 23.62, 90],
		[509, "CON2_E13", 5925.2, 3070.87, "T", "DIP", "CON2_E13", "", "C", 47.24, 47.24, 23.62, 90],
		[510, "CON2_E13", 5925.2, 3070.87, "B", "DIP", "CON2_E13", "", "C", 47.24, 47.24, 23.62, 90],
		[511, "CON2_E14", 5925.2, 3149.61, "T", "DIP", "CON2_E14", "", "C", 47.24, 47.24, 23.62, 90],
		[512, "CON2_E14", 5925.2, 3149.61, "B", "DIP", "CON2_E14", "", "C", 47.24, 47.24, 23.62, 90],
		[513, "CON2_E15", 5925.2, 3228.35, "T", "DIP", "CON2_E15", "", "C", 47.24, 47.24, 23.62, 90],
		[514, "CON2_E15", 5925.2, 3228.35, "B", "DIP", "CON2_E15", "", "C", 47.24, 47.24, 23.62, 90],
		[515, "CON2_E16", 5925.2, 3307.09, "T", "DIP", "CON2_E16", "", "C", 47.24, 47.24, 23.62, 90],
		[516, "CON2_E16", 5925.2, 3307.09, "B", "DIP", "CON2_E16", "", "C", 47.24, 47.24, 23.62, 90],
		[517, "CON2_E17", 5925.2, 3385.83, "T", "DIP", "RS485_BUS_P", "", "C", 47.24, 47.24, 23.62, 90],
		[518, "CON2_E17", 5925.2, 3385.83, "B", "DIP", "RS485_BUS_P", "", "C", 47.24, 47.24, 23.62, 90],
		[519, "CON2_E18", 5925.2, 3464.57, "T", "DIP", "RS485_BUS_N", "", "C", 47.24, 47.24, 23.62, 90],
		[520, "CON2_E18", 5925.2, 3464.57, "B", "DIP", "RS485_BUS_N", "", "C", 47.24, 47.24, 23.62, 90],
		[521, "CON2_E19", 5925.2, 3543.31, "T", "DIP", "CON2_E19", "", "C", 47.24, 47.24, 23.62, 90],
		[522, "CON2_E19", 5925.2, 3543.31, "B", "DIP", "CON2_E19", "", "C", 47.24, 47.24, 23.62, 90],
		[523, "CON2_E2", 5925.2, 2204.72, "T", "DIP", "CON2_E2", "", "C", 47.24, 47.24, 23.62, 90],
		[524, "CON2_E2", 5925.2, 2204.72, "B", "DIP", "CON2_E2", "", "C", 47.24, 47.24, 23.62, 90],
		[525, "CON2_E20", 5925.2, 3622.05, "T", "DIP", "CON2_E20", "", "C", 47.24, 47.24, 23.62, 90],
		[526, "CON2_E20", 5925.2, 3622.05, "B", "DIP", "CON2_E20", "", "C", 47.24, 47.24, 23.62, 90],
		[527, "CON2_E21", 5925.2, 3700.79, "T", "DIP", "CON2_E21", "", "C", 47.24, 47.24, 23.62, 90],
		[528, "CON2_E21", 5925.2, 3700.79, "B", "DIP", "CON2_E21", "", "C", 47.24, 47.24, 23.62, 90],
		[529, "CON2_E22", 5925.2, 3779.53, "T", "DIP", "CON2_E22", "", "C", 47.24, 47.24, 23.62, 90],
		[530, "CON2_E22", 5925.2, 3779.53, "B", "DIP", "CON2_E22", "", "C", 47.24, 47.24, 23.62, 90],
		[531, "CON2_E3", 5925.2, 2283.46, "T", "DIP", "CON2_E3", "", "C", 47.24, 47.24, 23.62, 90],
		[532, "CON2_E3", 5925.2, 2283.46, "B", "DIP", "CON2_E3", "", "C", 47.24, 47.24, 23.62, 90],
		[533, "CON2_E4", 5925.2, 2362.2, "T", "DIP", "CON2_E4", "", "C", 47.24, 47.24, 23.62, 90],
		[534, "CON2_E4", 5925.2, 2362.2, "B", "DIP", "CON2_E4", "", "C", 47.24, 47.24, 23.62, 90],
		[535, "CON2_E5", 5925.2, 2440.94, "T", "DIP", "CON2_E5", "", "C", 47.24, 47.24, 23.62, 90],
		[536, "CON2_E5", 5925.2, 2440.94, "B", "DIP", "CON2_E5", "", "C", 47.24, 47.24, 23.62, 90],
		[537, "CON2_E6", 5925.2, 2519.69, "T", "DIP", "CON2_E6", "", "C", 47.24, 47.24, 23.62, 90],
		[538, "CON2_E6", 5925.2, 2519.69, "B", "DIP", "CON2_E6", "", "C", 47.24, 47.24, 23.62, 90],
		[539, "CON2_E7", 5925.2, 2598.43, "T", "DIP", "CON2_E7", "", "C", 47.24, 47.24, 23.62, 90],
		[540, "CON2_E7", 5925.2, 2598.43, "B", "DIP", "CON2_E7", "", "C", 47.24, 47.24, 23.62, 90],
		[541, "CON2_E8", 5925.2, 2677.17, "T", "DIP", "CON2_E8", "", "C", 47.24, 47.24, 23.62, 90],
		[542, "CON2_E8", 5925.2, 2677.17, "B", "DIP", "CON2_E8", "", "C", 47.24, 47.24, 23.62, 90],
		[543, "CON2_E9", 5925.2, 2755.91, "T", "DIP", "CON2_E9", "", "C", 47.24, 47.24, 23.62, 90],
		[544, "CON2_E9", 5925.2, 2755.91, "B", "DIP", "CON2_E9", "", "C", 47.24, 47.24, 23.62, 90],
		[545, "CON2_F1", 5846.46, 2125.98, "T", "DIP", "GND", "GND", "C", 47.24, 47.24, 23.62, 90],
		[546, "CON2_F1", 5846.46, 2125.98, "B", "DIP", "GND", "GND", "C", 47.24, 47.24, 23.62, 90],
		[547, "CON2_F10", 5846.46, 2834.65, "T", "DIP", "GND", "GND", "C", 47.24, 47.24, 23.62, 90],
		[548, "CON2_F10", 5846.46, 2834.65, "B", "DIP", "GND", "GND", "C", 47.24, 47.24, 23.62, 90],
		[549, "CON2_F11", 5846.46, 2913.39, "T", "DIP", "GND", "GND", "C", 47.24, 47.24, 23.62, 90],
		[550, "CON2_F11", 5846.46, 2913.39, "B", "DIP", "GND", "GND", "C", 47.24, 47.24, 23.62, 90],
		[551, "CON2_F12", 5846.46, 2992.13, "T", "DIP", "GND", "GND", "C", 47.24, 47.24, 23.62, 90],
		[552, "CON2_F12", 5846.46, 2992.13, "B", "DIP", "GND", "GND", "C", 47.24, 47.24, 23.62, 90],
		[553, "CON2_F13", 5846.46, 3070.87, "T", "DIP", "GND", "GND", "C", 47.24, 47.24, 23.62, 90],
		[554, "CON2_F13", 5846.46, 3070.87, "B", "DIP", "GND", "GND", "C", 47.24, 47.24, 23.62, 90],
		[555, "CON2_F14", 5846.46, 3149.61, "T", "DIP", "GND", "GND", "C", 47.24, 47.24, 23.62, 90],
		[556, "CON2_F14", 5846.46, 3149.61, "B", "DIP", "GND", "GND", "C", 47.24, 47.24, 23.62, 90],
		[557, "CON2_F15", 5846.46, 3228.35, "T", "DIP", "GND", "GND", "C", 47.24, 47.24, 23.62, 90],
		[558, "CON2_F15", 5846.46, 3228.35, "B", "DIP", "GND", "GND", "C", 47.24, 47.24, 23.62, 90],
		[559, "CON2_F16", 5846.46, 3307.09, "T", "DIP", "GND", "GND", "C", 47.24, 47.24, 23.62, 90],
		[560, "CON2_F16", 5846.46, 3307.09, "B", "DIP", "GND", "GND", "C", 47.24, 47.24, 23.62, 90],
		[561, "CON2_F17", 5846.46, 3385.83, "T", "DIP", "GND", "GND", "C", 47.24, 47.24, 23.62, 90],
		[562, "CON2_F17", 5846.46, 3385.83, "B", "DIP", "GND", "GND", "C", 47.24, 47.24, 23.62, 90],
		[563, "CON2_F18", 5846.46, 3464.57, "T", "DIP", "GND", "GND", "C", 47.24, 47.24, 23.62, 90],
		[564, "CON2_F18", 5846.46, 3464.57, "B", "DIP", "GND", "GND", "C", 47.24, 47.24, 23.62, 90],
		[565, "CON2_F19", 5846.46, 3543.31, "T", "DIP", "GND", "GND", "C", 47.24, 47.24, 23.62, 90],
		[566, "CON2_F19", 5846.46, 3543.31, "B", "DIP", "GND", "GND", "C", 47.24, 47.24, 23.62, 90],
		[567, "CON2_F2", 5846.46, 2204.72, "T", "DIP", "GND", "GND", "C", 47.24, 47.24, 23.62, 90],
		[568, "CON2_F2", 5846.46, 2204.72, "B", "DIP", "GND", "GND", "C", 47.24, 47.24, 23.62, 90],
		[569, "CON2_F20", 5846.46, 3622.05, "T", "DIP", "GND", "GND", "C", 47.24, 47.24, 23.62, 90],
		[570, "CON2_F20", 5846.46, 3622.05, "B", "DIP", "GND", "GND", "C", 47.24, 47.24, 23.62, 90],
		[571, "CON2_F21", 5846.46, 3700.79, "T", "DIP", "GND", "GND", "C", 47.24, 47.24, 23.62, 90],
		[572, "CON2_F21", 5846.46, 3700.79, "B", "DIP", "GND", "GND", "C", 47.24, 47.24, 23.62, 90],
		[573, "CON2_F22", 5846.46, 3779.53, "T", "DIP", "GND", "GND", "C", 47.24, 47.24, 23.62, 90],
		[574, "CON2_F22", 5846.46, 3779.53, "B", "DIP", "GND", "GND", "C", 47.24, 47.24, 23.62, 90],
		[575, "CON2_F3", 5846.46, 2283.46, "T", "DIP", "GND", "GND", "C", 47.24, 47.24, 23.62, 90],
		[576, "CON2_F3", 5846.46, 2283.46, "B", "DIP", "GND", "GND", "C", 47.24, 47.24, 23.62, 90],
		[577, "CON2_F4", 5846.46, 2362.2, "T", "DIP", "GND", "GND", "C", 47.24, 47.24, 23.62, 90],
		[578, "CON2_F4", 5846.46, 2362.2, "B", "DIP", "GND", "GND", "C", 47.24, 47.24, 23.62, 90],
		[579, "CON2_F5", 5846.46, 2440.94, "T", "DIP", "GND", "GND", "C", 47.24, 47.24, 23.62, 90],
		[580, "CON2_F5", 5846.46, 2440.94, "B", "DIP", "GND", "GND", "C", 47.24, 47.24, 23.62, 90],
		[581, "CON2_F6", 5846.46, 2519.69, "T", "DIP", "GND", "GND", "C", 47.24, 47.24, 23.62, 90],
		[582, "CON2_F6", 5846.46, 2519.69, "B", "DIP", "GND", "GND", "C", 47.24, 47.24, 23.62, 90],
		[583, "CON2_F7", 5846.46, 2598.43, "T", "DIP", "GND", "GND", "C", 47.24, 47.24, 23.62, 90],
		[584, "CON2_F7", 5846.46, 2598.43, "B", "DIP", "GND", "GND", "C", 47.24, 47.24, 23.62, 90],
		[585, "CON2_F8", 5846.46, 2677.17, "T", "DIP", "GND", "GND", "C", 47.24, 47.24, 23.62, 90],
		[586, "CON2_F8", 5846.46, 2677.17, "B", "DIP", "GND", "GND", "C", 47.24, 47.24, 23.62, 90],
		[587, "CON2_F9", 5846.46, 2755.91, "T", "DIP", "GND", "GND", "C", 47.24, 47.24, 23.62, 90],
		[588, "CON2_F9", 5846.46, 2755.91, "B", "DIP", "GND", "GND", "C", 47.24, 47.24, 23.62, 90],
		[589, "F1_1", 5202.62, 275.59, "T", "SMD", "VCC_12V", "", "R", 55.38, 137.76, 0, 0],
		[590, "F1_2", 5348.56, 275.59, "T", "SMD", "POW_12V", "", "R", 55.38, 137.76, 0, 0],
		[591, "F2_1", 5202.62, 748.03, "T", "SMD", "VCC_5V", "", "R", 55.38, 137.76, 0, 0],
		[592, "F2_2", 5348.56, 748.03, "T", "SMD", "POW_5V", "", "R", 55.38, 137.76, 0, 0],
		[593, "L1_1", 3691.74, 591, "T", "SMD", "$2N2559", "", "R", 39.37, 149.61, 0, 180],
		[594, "L1_2", 3597.26, 591, "T", "SMD", "VCC_3P3", "", "R", 39.37, 149.61, 0, 180],
		[595, "LED1_1", 236.22, 864.17, "T", "DIP", "$1N1858", "", "C", 39.37, 39.37, 27.56, 90],
		[596, "LED1_1", 236.22, 864.17, "B", "DIP", "$1N1858", "", "C", 39.37, 39.37, 27.56, 90],
		[597, "LED1_2", 236.22, 812.99, "T", "DIP", "VCC", "", "C", 39.37, 39.37, 27.56, 90],
		[598, "LED1_2", 236.22, 812.99, "B", "DIP", "VCC", "", "C", 39.37, 39.37, 27.56, 90],
		[599, "LED1_3", 236.22, 761.81, "T", "DIP", "$1N1844", "", "C", 39.37, 39.37, 27.56, 90],
		[600, "LED1_3", 236.22, 761.81, "B", "DIP", "$1N1844", "", "C", 39.37, 39.37, 27.56, 90],
		[601, "LED1_4", 236.22, 710.63, "T", "DIP", "$1N1845", "", "C", 39.37, 39.37, 27.56, 90],
		[602, "LED1_4", 236.22, 710.63, "B", "DIP", "$1N1845", "", "C", 39.37, 39.37, 27.56, 90],
		[603, "R1_1", 2145.67, 435.72, "T", "SMD", "$1N1854", "", "R", 22.27, 21.26, 0, 90],
		[604, "R1_2", 2145.67, 469.8, "T", "SMD", "MCLR", "", "R", 22.27, 21.26, 0, 90],
		[605, "R2_1", 2030.2, 433.07, "T", "SMD", "VCC", "", "R", 22.27, 21.26, 0, 0],
		[606, "R2_2", 2064.28, 433.07, "T", "SMD", "$1N1854", "", "R", 22.27, 21.26, 0, 0],
		[607, "R3_1", 4921.26, 3467.21, "T", "SMD", "RS485_S0_N", "", "R", 22.27, 21.26, 0, 90],
		[608, "R3_2", 4921.26, 3501.29, "T", "SMD", "GND", "GND", "R", 22.27, 21.26, 0, 90],
		[609, "R4_1", 4409.45, 3402.87, "T", "SMD", "RS485_DE", "", "R", 22.27, 21.26, 0, 270],
		[610, "R4_2", 4409.45, 3368.79, "T", "SMD", "GND", "GND", "R", 22.27, 21.26, 0, 270],
		[611, "R5_1", 5000, 3442.24, "T", "SMD", "RS485_S0_N", "", "R", 22.27, 21.26, 0, 270],
		[612, "R5_2", 5000, 3408.16, "T", "SMD", "RS485_S0_P", "", "R", 22.27, 21.26, 0, 270],
		[613, "R6_1", 5002.65, 2224.41, "T", "SMD", "ADI_5V", "", "R", 22.27, 21.26, 0, 0],
		[614, "R6_2", 5036.73, 2224.41, "T", "SMD", "VCC_5V", "", "R", 22.27, 21.26, 0, 0],
		[615, "R7_1", 4921.26, 3349.1, "T", "SMD", "VCC", "", "R", 22.27, 21.26, 0, 90],
		[616, "R7_2", 4921.26, 3383.18, "T", "SMD", "RS485_S0_P", "", "R", 22.27, 21.26, 0, 90],
		[617, "R8_1", 4884.53, 2145.67, "T", "SMD", "GND", "GND", "R", 22.27, 21.26, 0, 0],
		[618, "R8_2", 4918.61, 2145.67, "T", "SMD", "ADI_5V", "", "R", 22.27, 21.26, 0, 0],
		[619, "R9_1", 396.35, 866.14, "T", "SMD", "$1N1858", "", "R", 22.27, 21.26, 0, 0],
		[620, "R9_2", 430.43, 866.14, "T", "SMD", "LED_R", "", "R", 22.27, 21.26, 0, 0],
		[621, "R10_1", 396.35, 767.72, "T", "SMD", "$1N1844", "", "R", 22.27, 21.26, 0, 0],
		[622, "R10_2", 430.43, 767.72, "T", "SMD", "LED_G", "", "R", 22.27, 21.26, 0, 0],
		[623, "R11_1", 396.35, 708.66, "T", "SMD", "$1N1845", "", "R", 22.27, 21.26, 0, 0],
		[624, "R11_2", 430.43, 708.66, "T", "SMD", "LED_B", "", "R", 22.27, 21.26, 0, 0],
		[625, "R12_1", 5514.46, 1259.84, "T", "SMD", "LACH_0", "", "R", 22.27, 21.26, 0, 0],
		[626, "R12_2", 5548.54, 1259.84, "T", "SMD", "LAIO_0", "", "R", 22.27, 21.26, 0, 0],
		[627, "R13_1", 5514.46, 1338.58, "T", "SMD", "LACH_2", "", "R", 22.27, 21.26, 0, 0],
		[628, "R13_2", 5548.54, 1338.58, "T", "SMD", "LAIO_2", "", "R", 22.27, 21.26, 0, 0],
		[629, "R14_1", 5332, 1259.84, "T", "SMD", "LAIO_1", "", "R", 22.27, 21.26, 0, 180],
		[630, "R14_2", 5297.92, 1259.84, "T", "SMD", "LACH_1", "", "R", 22.27, 21.26, 0, 180],
		[631, "R15_1", 5514.46, 1417.32, "T", "SMD", "LACH_4", "", "R", 22.27, 21.26, 0, 0],
		[632, "R15_2", 5548.54, 1417.32, "T", "SMD", "LAIO_4", "", "R", 22.27, 21.26, 0, 0],
		[633, "R16_1", 5332, 1338.58, "T", "SMD", "LAIO_3", "", "R", 22.27, 21.26, 0, 180],
		[634, "R16_2", 5297.92, 1338.58, "T", "SMD", "LACH_3", "", "R", 22.27, 21.26, 0, 180],
		[635, "R17_1", 5514.46, 1496.06, "T", "SMD", "LACH_6", "", "R", 22.27, 21.26, 0, 0],
		[636, "R17_2", 5548.54, 1496.06, "T", "SMD", "LAIO_6", "", "R", 22.27, 21.26, 0, 0],
		[637, "R18_1", 5332, 1417.32, "T", "SMD", "LAIO_5", "", "R", 22.27, 21.26, 0, 180],
		[638, "R18_2", 5297.92, 1417.32, "T", "SMD", "LACH_5", "", "R", 22.27, 21.26, 0, 180],
		[639, "R19_1", 5332, 1496.06, "T", "SMD", "LAIO_7", "", "R", 22.27, 21.26, 0, 180],
		[640, "R19_2", 5297.92, 1496.06, "T", "SMD", "LACH_7", "", "R", 22.27, 21.26, 0, 180],
		[641, "R20_1", 3996.06, 612.88, "T", "SMD", "VCC_3P3", "", "R", 22.27, 21.26, 0, 90],
		[642, "R20_2", 3996.06, 646.96, "T", "SMD", "$2N2590", "", "R", 22.27, 21.26, 0, 90],
		[643, "R21_1", 3979.02, 708.66, "T", "SMD", "$2N2590", "", "R", 22.27, 21.26, 0, 0],
		[644, "R21_2", 4013.1, 708.66, "T", "SMD", "GND", "GND", "R", 22.27, 21.26, 0, 0],
		[645, "R22_1", 5607.59, 3543.31, "T", "SMD", "SLOT_SW3", "", "R", 22.27, 21.26, 0, 180],
		[646, "R22_2", 5573.51, 3543.31, "T", "SMD", "SLOTSW_S3", "", "R", 22.27, 21.26, 0, 180],
		[647, "R23_1", 5607.59, 3622.05, "T", "SMD", "SLOT_SW2", "", "R", 22.27, 21.26, 0, 180],
		[648, "R23_2", 5573.51, 3622.05, "T", "SMD", "SLOTSW_S2", "", "R", 22.27, 21.26, 0, 180],
		[649, "R24_1", 5607.59, 3700.79, "T", "SMD", "SLOT_SW1", "", "R", 22.27, 21.26, 0, 180],
		[650, "R24_2", 5573.51, 3700.79, "T", "SMD", "SLOTSW_S1", "", "R", 22.27, 21.26, 0, 180],
		[651, "R25_1", 3698.47, 334.65, "T", "SMD", "VCC_3P3", "", "R", 50.49, 110.55, 0, 180],
		[652, "R25_2", 3584.99, 334.65, "T", "SMD", "VCC", "", "R", 50.49, 110.55, 0, 180],
		[653, "R26_1", 5607.59, 3779.53, "T", "SMD", "SLOT_SW0", "", "R", 22.27, 21.26, 0, 180],
		[654, "R26_2", 5573.51, 3779.53, "T", "SMD", "SLOTSW_S0", "", "R", 22.27, 21.26, 0, 180],
		[655, "R27_1", 3979.02, 2677.17, "T", "SMD", "LACH_0", "", "R", 22.27, 21.26, 0, 0],
		[656, "R27_2", 4013.1, 2677.17, "T", "SMD", "TEST_LACH_0", "", "R", 22.27, 21.26, 0, 0],
		[657, "R28_1", 3979.02, 2578.74, "T", "SMD", "LACH_1", "", "R", 22.27, 21.26, 0, 0],
		[658, "R28_2", 4013.1, 2578.74, "T", "SMD", "TEST_LACH_1", "", "R", 22.27, 21.26, 0, 0],
		[659, "R29_1", 3979.02, 2480.32, "T", "SMD", "LACH_2", "", "R", 22.27, 21.26, 0, 0],
		[660, "R29_2", 4013.1, 2480.32, "T", "SMD", "TEST_LACH_2", "", "R", 22.27, 21.26, 0, 0],
		[661, "R30_1", 3979.02, 2381.89, "T", "SMD", "LACH_3", "", "R", 22.27, 21.26, 0, 0],
		[662, "R30_2", 4013.1, 2381.89, "T", "SMD", "TEST_LACH_3", "", "R", 22.27, 21.26, 0, 0],
		[663, "R31_1", 3979.02, 2145.67, "T", "SMD", "LACH_4", "", "R", 22.27, 21.26, 0, 0],
		[664, "R31_2", 4013.1, 2145.67, "T", "SMD", "TEST_LACH_4", "", "R", 22.27, 21.26, 0, 0],
		[665, "R32_1", 3979.02, 2047.24, "T", "SMD", "LACH_5", "", "R", 22.27, 21.26, 0, 0],
		[666, "R32_2", 4013.1, 2047.24, "T", "SMD", "TEST_LACH_5", "", "R", 22.27, 21.26, 0, 0],
		[667, "R33_1", 3979.02, 1948.82, "T", "SMD", "LACH_6", "", "R", 22.27, 21.26, 0, 0],
		[668, "R33_2", 4013.1, 1948.82, "T", "SMD", "TEST_LACH_6", "", "R", 22.27, 21.26, 0, 0],
		[669, "R34_1", 3979.02, 1870.08, "T", "SMD", "LACH_7", "", "R", 22.27, 21.26, 0, 0],
		[670, "R34_2", 4013.1, 1870.08, "T", "SMD", "TEST_LACH_7", "", "R", 22.27, 21.26, 0, 0],
		[671, "R35_1", 5573.51, 3385.83, "T", "SMD", "RS485_S0_P", "", "R", 22.27, 21.26, 0, 0],
		[672, "R35_2", 5607.59, 3385.83, "T", "SMD", "RS485_BUS_P", "", "R", 22.27, 21.26, 0, 0],
		[673, "R36_1", 5573.51, 3464.57, "T", "SMD", "RS485_S0_N", "", "R", 22.27, 21.26, 0, 0],
		[674, "R36_2", 5607.59, 3464.57, "T", "SMD", "RS485_BUS_N", "", "R", 22.27, 21.26, 0, 0],
		[675, "SW1_1", 5661.81, 2326.57, "T", "SMD", "GND", "GND", "R", 30, 60, 0, 90],
		[676, "SW1_2", 5661.81, 2376.57, "T", "SMD", "GND", "GND", "R", 30, 60, 0, 90],
		[677, "SW1_3", 5661.81, 2426.57, "T", "SMD", "GND", "GND", "R", 30, 60, 0, 90],
		[678, "SW1_4", 5661.81, 2476.57, "T", "SMD", "GND", "GND", "R", 30, 60, 0, 90],
		[679, "SW1_5", 5361.81, 2476.57, "T", "SMD", "SWS7", "", "R", 30, 60, 0, 90],
		[680, "SW1_6", 5361.81, 2426.57, "T", "SMD", "SWS6", "", "R", 30, 60, 0, 90],
		[681, "SW1_7", 5361.81, 2376.57, "T", "SMD", "SWS5", "", "R", 30, 60, 0, 90],
		[682, "SW1_8", 5361.81, 2326.57, "T", "SMD", "SWS4", "", "R", 30, 60, 0, 90],
		[683, "TP1_1", 5493.32, 3045.45, "T", "SMD", "TP1", "", "C", 60, 60, 0, 270],
		[684, "TP2_1", 5383.32, 3045.45, "T", "SMD", "TP2", "", "C", 60, 60, 0, 270],
		[685, "TP3_1", 5264.26, 3045.45, "T", "SMD", "TP3", "", "C", 60, 60, 0, 270],
		[686, "TP4_1", 5141.95, 3045.45, "T", "SMD", "TP4", "", "C", 60, 60, 0, 270],
		[687, "U1_1", 4715.65, 2515.26, "T", "SMD", "U1_1", "", "O", 11.02, 70.87, 0, 0],
		[688, "U1_2", 4735.34, 2515.26, "T", "SMD", "U1_2", "", "O", 11.02, 70.87, 0, 0],
		[689, "U1_3", 4755.02, 2515.26, "T", "SMD", "U1_3", "", "O", 11.02, 70.87, 0, 0],
		[690, "U1_4", 4774.71, 2515.26, "T", "SMD", "U1_4", "", "O", 11.02, 70.87, 0, 0],
		[691, "U1_5", 4794.39, 2515.26, "T", "SMD", "SWS4", "", "O", 11.02, 70.87, 0, 0],
		[692, "U1_6", 4814.08, 2515.26, "T", "SMD", "SWS5", "", "O", 11.02, 70.87, 0, 0],
		[693, "U1_7", 4833.76, 2515.26, "T", "SMD", "MCLR", "", "O", 11.02, 70.87, 0, 0],
		[694, "U1_8", 4853.45, 2515.26, "T", "SMD", "SWS6", "", "O", 11.02, 70.87, 0, 0],
		[695, "U1_9", 4873.13, 2515.26, "T", "SMD", "GND", "GND", "O", 11.02, 70.87, 0, 0],
		[696, "U1_10", 4892.82, 2515.26, "T", "SMD", "VCC", "", "O", 11.02, 70.87, 0, 0],
		[697, "U1_11", 4912.5, 2515.26, "T", "SMD", "SWS7", "", "O", 11.02, 70.87, 0, 0],
		[698, "U1_12", 4932.19, 2515.26, "T", "SMD", "U1_12", "", "O", 11.02, 70.87, 0, 0],
		[699, "U1_13", 4951.87, 2515.26, "T", "SMD", "U1_13", "", "O", 11.02, 70.87, 0, 0],
		[700, "U1_14", 4971.56, 2515.26, "T", "SMD", "ADI_5V", "", "O", 11.02, 70.87, 0, 0],
		[701, "U1_15", 4991.24, 2515.26, "T", "SMD", "U1_15", "", "O", 11.02, 70.87, 0, 0],
		[702, "U1_16", 5010.93, 2515.26, "T", "SMD", "U1_16", "", "O", 11.02, 70.87, 0, 0],
		[703, "U1_17", 5081.79, 2586.12, "T", "SMD", "PGC", "", "O", 70.87, 11.02, 0, 0],
		[704, "U1_18", 5081.79, 2605.81, "T", "SMD", "PGD", "", "O", 70.87, 11.02, 0, 0],
		[705, "U1_19", 5081.79, 2625.49, "T", "SMD", "VCC", "", "O", 70.87, 11.02, 0, 0],
		[706, "U1_20", 5081.79, 2645.18, "T", "SMD", "GND", "GND", "O", 70.87, 11.02, 0, 0],
		[707, "U1_21", 5081.79, 2664.86, "T", "SMD", "TEST_LACH_0", "", "O", 70.87, 11.02, 0, 0],
		[708, "U1_22", 5081.79, 2684.55, "T", "SMD", "TEST_LACH_1", "", "O", 70.87, 11.02, 0, 0],
		[709, "U1_23", 5081.79, 2704.23, "T", "SMD", "TEST_LACH_2", "", "O", 70.87, 11.02, 0, 0],
		[710, "U1_24", 5081.79, 2723.92, "T", "SMD", "U1_24", "", "O", 70.87, 11.02, 0, 0],
		[711, "U1_25", 5081.79, 2743.6, "T", "SMD", "GND", "GND", "O", 70.87, 11.02, 0, 0],
		[712, "U1_26", 5081.79, 2763.29, "T", "SMD", "VCC", "", "O", 70.87, 11.02, 0, 0],
		[713, "U1_27", 5081.79, 2782.97, "T", "SMD", "U1_27", "", "O", 70.87, 11.02, 0, 0],
		[714, "U1_28", 5081.79, 2802.66, "T", "SMD", "U1_28", "", "O", 70.87, 11.02, 0, 0],
		[715, "U1_29", 5081.79, 2822.34, "T", "SMD", "U1_29", "", "O", 70.87, 11.02, 0, 0],
		[716, "U1_30", 5081.79, 2842.03, "T", "SMD", "U1_30", "", "O", 70.87, 11.02, 0, 0],
		[717, "U1_31", 5081.79, 2861.71, "T", "SMD", "TP1", "", "O", 70.87, 11.02, 0, 0],
		[718, "U1_32", 5081.79, 2881.4, "T", "SMD", "TP2", "", "O", 70.87, 11.02, 0, 0],
		[719, "U1_33", 5010.93, 2952.26, "T", "SMD", "TP3", "", "O", 11.02, 70.87, 0, 0],
		[720, "U1_34", 4991.24, 2952.26, "T", "SMD", "TP4", "", "O", 11.02, 70.87, 0, 0],
		[721, "U1_35", 4971.56, 2952.26, "T", "SMD", "TEST_LACH_3", "", "O", 11.02, 70.87, 0, 0],
		[722, "U1_36", 4951.87, 2952.26, "T", "SMD", "TEST_LACH_4", "", "O", 11.02, 70.87, 0, 0],
		[723, "U1_37", 4932.19, 2952.26, "T", "SMD", "TEST_LACH_5", "", "O", 11.02, 70.87, 0, 0],
		[724, "U1_38", 4912.5, 2952.26, "T", "SMD", "VCC", "", "O", 11.02, 70.87, 0, 0],
		[725, "U1_39", 4892.82, 2952.26, "T", "SMD", "SLOTSW_S0", "", "O", 11.02, 70.87, 0, 0],
		[726, "U1_40", 4873.13, 2952.26, "T", "SMD", "SLOTSW_S1", "", "O", 11.02, 70.87, 0, 0],
		[727, "U1_41", 4853.45, 2952.26, "T", "SMD", "GND", "GND", "O", 11.02, 70.87, 0, 0],
		[728, "U1_42", 4833.76, 2952.26, "T", "SMD", "SLOTSW_S2", "", "O", 11.02, 70.87, 0, 0],
		[729, "U1_43", 4814.08, 2952.26, "T", "SMD", "SLOTSW_S3", "", "O", 11.02, 70.87, 0, 0],
		[730, "U1_44", 4794.39, 2952.26, "T", "SMD", "U1_44", "", "O", 11.02, 70.87, 0, 0],
		[731, "U1_45", 4774.71, 2952.26, "T", "SMD", "U1_45", "", "O", 11.02, 70.87, 0, 0],
		[732, "U1_46", 4755.02, 2952.26, "T", "SMD", "U1_46", "", "O", 11.02, 70.87, 0, 0],
		[733, "U1_47", 4735.34, 2952.26, "T", "SMD", "U1_47", "", "O", 11.02, 70.87, 0, 0],
		[734, "U1_48", 4715.65, 2952.26, "T", "SMD", "U1_48", "", "O", 11.02, 70.87, 0, 0],
		[735, "U1_49", 4644.79, 2881.4, "T", "SMD", "U1_49", "", "O", 70.87, 11.02, 0, 0],
		[736, "U1_50", 4644.79, 2861.71, "T", "SMD", "TEST_LACH_6", "", "O", 70.87, 11.02, 0, 0],
		[737, "U1_51", 4644.79, 2842.03, "T", "SMD", "TEST_LACH_7", "", "O", 70.87, 11.02, 0, 0],
		[738, "U1_52", 4644.79, 2822.34, "T", "SMD", "U1_52", "", "O", 70.87, 11.02, 0, 0],
		[739, "U1_53", 4644.79, 2802.66, "T", "SMD", "U1_53", "", "O", 70.87, 11.02, 0, 0],
		[740, "U1_54", 4644.79, 2782.97, "T", "SMD", "U1_54", "", "O", 70.87, 11.02, 0, 0],
		[741, "U1_55", 4644.79, 2763.29, "T", "SMD", "U1_55", "", "O", 70.87, 11.02, 0, 0],
		[742, "U1_56", 4644.79, 2743.6, "T", "SMD", "$1N1718", "", "O", 70.87, 11.02, 0, 0],
		[743, "U1_57", 4644.79, 2723.92, "T", "SMD", "VCC", "", "O", 70.87, 11.02, 0, 0],
		[744, "U1_58", 4644.79, 2704.23, "T", "SMD", "U1_58", "", "O", 70.87, 11.02, 0, 0],
		[745, "U1_59", 4644.79, 2684.55, "T", "SMD", "RS485_DE", "", "O", 70.87, 11.02, 0, 0],
		[746, "U1_60", 4644.79, 2664.86, "T", "SMD", "RS485_RO", "", "O", 70.87, 11.02, 0, 0],
		[747, "U1_61", 4644.79, 2645.18, "T", "SMD", "RS485_DI", "", "O", 70.87, 11.02, 0, 0],
		[748, "U1_62", 4644.79, 2625.49, "T", "SMD", "LED_B", "", "O", 70.87, 11.02, 0, 0],
		[749, "U1_63", 4644.79, 2605.81, "T", "SMD", "LED_G", "", "O", 70.87, 11.02, 0, 0],
		[750, "U1_64", 4644.79, 2586.12, "T", "SMD", "LED_R", "", "O", 70.87, 11.02, 0, 0],
		[751, "U2_1", 4542.7, 3483.1, "T", "SMD", "RS485_RO", "", "O", 22.38, 76.78, 0, 270],
		[752, "U2_2", 4542.7, 3433.1, "T", "SMD", "RS485_DE", "", "O", 22.38, 76.78, 0, 270],
		[753, "U2_3", 4542.7, 3383.1, "T", "SMD", "RS485_DE", "", "O", 22.38, 76.78, 0, 270],
		[754, "U2_4", 4542.7, 3333.1, "T", "SMD", "RS485_DI", "", "O", 22.38, 76.78, 0, 270],
		[755, "U2_5", 4755.7, 3333.1, "T", "SMD", "GND", "GND", "O", 22.38, 76.78, 0, 270],
		[756, "U2_6", 4755.7, 3383.1, "T", "SMD", "RS485_S0_P", "", "O", 22.38, 76.78, 0, 270],
		[757, "U2_7", 4755.7, 3433.1, "T", "SMD", "RS485_S0_N", "", "O", 22.38, 76.78, 0, 270],
		[758, "U2_8", 4755.7, 3483.1, "T", "SMD", "VCC", "", "O", 22.38, 76.78, 0, 270],
		[759, "U3_1", 3790.9, 628.94, "T", "SMD", "U3_1", "", "O", 48.11, 14.33, 0, 180],
		[760, "U3_2", 3790.9, 603.35, "T", "SMD", "VCC_5V", "", "O", 48.11, 14.33, 0, 180],
		[761, "U3_3", 3790.9, 577.76, "T", "SMD", "$2N2559", "", "O", 48.11, 14.33, 0, 180],
		[762, "U3_4", 3790.9, 552.16, "T", "SMD", "GND", "GND", "O", 48.11, 14.33, 0, 180],
		[763, "U3_5", 3886.26, 552.16, "T", "SMD", "VCC_3P3", "", "O", 48.11, 14.33, 0, 180],
		[764, "U3_6", 3886.26, 577.76, "T", "SMD", "GND", "GND", "O", 48.11, 14.33, 0, 180],
		[765, "U3_7", 3886.26, 603.35, "T", "SMD", "$2N2590", "", "O", 48.11, 14.33, 0, 180],
		[766, "U3_8", 3886.26, 628.94, "T", "SMD", "VCC_5V", "", "O", 48.11, 14.33, 0, 180],
		[767, "U4_1", 2259.94, 2687.46, "T", "DIP", "GND", "GND", "C", 70.87, 70.87, 39.37, 0],
		[768, "U4_1", 2259.94, 2687.46, "B", "DIP", "GND", "GND", "C", 70.87, 70.87, 39.37, 0],
		[769, "U4_2", 2259.94, 2587.46, "T", "DIP", "GND", "GND", "C", 70.87, 70.87, 39.37, 0],
		[770, "U4_2", 2259.94, 2587.46, "B", "DIP", "GND", "GND", "C", 70.87, 70.87, 39.37, 0],
		[771, "U4_3", 2259.94, 2487.46, "T", "DIP", "GND", "GND", "C", 70.87, 70.87, 39.37, 0],
		[772, "U4_3", 2259.94, 2487.46, "B", "DIP", "GND", "GND", "C", 70.87, 70.87, 39.37, 0],
		[773, "U4_4", 2259.94, 2387.46, "T", "DIP", "GND", "GND", "C", 70.87, 70.87, 39.37, 0],
		[774, "U4_4", 2259.94, 2387.46, "B", "DIP", "GND", "GND", "C", 70.87, 70.87, 39.37, 0],
		[775, "U4_5", 2159.94, 2687.46, "T", "DIP", "LACH_0", "", "C", 70.87, 70.87, 39.37, 0],
		[776, "U4_5", 2159.94, 2687.46, "B", "DIP", "LACH_0", "", "C", 70.87, 70.87, 39.37, 0],
		[777, "U4_6", 2159.94, 2587.46, "T", "DIP", "LACH_1", "", "C", 70.87, 70.87, 39.37, 0],
		[778, "U4_6", 2159.94, 2587.46, "B", "DIP", "LACH_1", "", "C", 70.87, 70.87, 39.37, 0],
		[779, "U4_7", 2159.94, 2487.46, "T", "DIP", "LACH_2", "", "C", 70.87, 70.87, 39.37, 0],
		[780, "U4_7", 2159.94, 2487.46, "B", "DIP", "LACH_2", "", "C", 70.87, 70.87, 39.37, 0],
		[781, "U4_8", 2159.94, 2387.46, "T", "DIP", "LACH_3", "", "C", 70.87, 70.87, 39.37, 0],
		[782, "U4_8", 2159.94, 2387.46, "B", "DIP", "LACH_3", "", "C", 70.87, 70.87, 39.37, 0],
		[783, "U4_9", 2259.94, 2151.24, "T", "DIP", "GND", "GND", "C", 70.87, 70.87, 39.37, 0],
		[784, "U4_9", 2259.94, 2151.24, "B", "DIP", "GND", "GND", "C", 70.87, 70.87, 39.37, 0],
		[785, "U4_10", 2259.94, 2051.24, "T", "DIP", "GND", "GND", "C", 70.87, 70.87, 39.37, 0],
		[786, "U4_10", 2259.94, 2051.24, "B", "DIP", "GND", "GND", "C", 70.87, 70.87, 39.37, 0],
		[787, "U4_11", 2259.94, 1951.24, "T", "DIP", "GND", "GND", "C", 70.87, 70.87, 39.37, 0],
		[788, "U4_11", 2259.94, 1951.24, "B", "DIP", "GND", "GND", "C", 70.87, 70.87, 39.37, 0],
		[789, "U4_12", 2259.94, 1851.24, "T", "DIP", "GND", "GND", "C", 70.87, 70.87, 39.37, 0],
		[790, "U4_12", 2259.94, 1851.24, "B", "DIP", "GND", "GND", "C", 70.87, 70.87, 39.37, 0],
		[791, "U4_13", 2159.94, 2151.24, "T", "DIP", "LACH_4", "", "C", 70.87, 70.87, 39.37, 0],
		[792, "U4_13", 2159.94, 2151.24, "B", "DIP", "LACH_4", "", "C", 70.87, 70.87, 39.37, 0],
		[793, "U4_14", 2159.94, 2051.24, "T", "DIP", "LACH_5", "", "C", 70.87, 70.87, 39.37, 0],
		[794, "U4_14", 2159.94, 2051.24, "B", "DIP", "LACH_5", "", "C", 70.87, 70.87, 39.37, 0],
		[795, "U4_15", 2159.94, 1951.24, "T", "DIP", "LACH_6", "", "C", 70.87, 70.87, 39.37, 0],
		[796, "U4_15", 2159.94, 1951.24, "B", "DIP", "LACH_6", "", "C", 70.87, 70.87, 39.37, 0],
		[797, "U4_16", 2159.94, 1851.24, "T", "DIP", "LACH_7", "", "C", 70.87, 70.87, 39.37, 0],
		[798, "U4_16", 2159.94, 1851.24, "B", "DIP", "LACH_7", "", "C", 70.87, 70.87, 39.37, 0],
		[799, "U4_17", 1746.94, 3500.46, "T", "DIP", "GND", "GND", "C", 137.8, 137.8, 86.61, 0],
		[800, "U4_17", 1746.94, 3500.46, "B", "DIP", "GND", "GND", "C", 137.8, 137.8, 86.61, 0],
		[801, "U4_18", 288.94, 3504.46, "T", "DIP", "GND", "GND", "C", 137.8, 137.8, 86.61, 0],
		[802, "U4_18", 288.94, 3504.46, "B", "DIP", "GND", "GND", "C", 137.8, 137.8, 86.61, 0],
		[803, "U4_19", 1746.94, 1030.46, "T", "DIP", "GND", "GND", "C", 137.8, 137.8, 86.61, 0],
		[804, "U4_19", 1746.94, 1030.46, "B", "DIP", "GND", "GND", "C", 137.8, 137.8, 86.61, 0],
		[805, "U4_20", 288.94, 1034.46, "T", "DIP", "GND", "GND", "C", 137.8, 137.8, 86.61, 0],
		[806, "U4_20", 288.94, 1034.46, "B", "DIP", "GND", "GND", "C", 137.8, 137.8, 86.61, 0]
	]
}
}