{
"lengthUnit": "mil",
"components": {
	"fields": ["COMPONENT_NO", "COMPONENT_NAME", "LAYER", "X_COORDINATE", "Y_COORDINATE", "ANGLE"],
	"rows": [
		[1, "C1", "T", 1358.27, 1003.94, 0],
		[2, "C2", "T", 2066.93, 1062.99, 0],
		[3, "C3", "T", 728.35, 531.5, 0],
		[4, "C4", "T", 1003.94, 413.39, 270],
		[5, "C5", "T", 1122.05, 413.39, 270],
		[6, "C6", "T", 1240.16, 413.39, 270],
		[7, "C7", "T", 1358.27, 413.39, 270],
		[8, "C8", "T", 1476.38, 413.39, 270],
		[9, "C9", "T", 1200.79, 964.57, 0],
		[10, "C10", "T", 547.47, 818.66, 270],
		[11, "C11", "T", 1594.49, 413.39, 270],
		[12, "C12", "T", 1948.82, 551.18, 180],
		[13, "C13", "T", 354.33, 866.14, 270],
		[14, "C14", "T", 433.07, 551.18, 0],
		[15, "C15", "T", 118.11, 196.85, 90],
		[16, "C16", "T", 395.48, 234.45, 0],
		[17, "C17", "T", 236.22, 196.85, 90],
		[18, "C18", "T", 393.7, 314.96, 0],
		[19, "CN1", "T", 137.8, 846.46, 90],
		[20, "H1", "T", 787.4, 1102.36, 0],
		[21, "H2", "T", 1692.91, 78.74, 0],
		[22, "L1", "T", 157.6, 413.7, 270],
		[23, "LED1", "T", 405.6, 649.07, 0],
		[24, "R1", "T", 1496.06, 1043.31, 180],
		[25, "R2", "T", 1496.06, 984.25, 180],
		[26, "R3", "T", 1653.54, 236.22, 270],
		[27, "R4", "T", 1870.08, 944.88, 90],
		[28, "R5", "T", 2224.41, 1023.62, 270],
		[29, "R6", "T", 1732.28, 236.22, 270],
		[30, "R7", "T", 2145.67, 944.88, 270],
		[31, "R8", "T", 1811.02, 236.22, 270],
		[32, "R9", "T", 1712.6, 787.4, 0],
		[33, "R10", "T", 2224.41, 885.83, 90],
		[34, "R11", "T", 1102.36, 236.22, 90],
		[35, "R12", "T", 944.88, 413.39, 90],
		[36, "R13", "T", 1181.1, 236.22, 90],
		[37, "R14", "T", 1062.99, 413.39, 90],
		[38, "R15", "T", 551.18, 649.61, 180],
		[39, "R16", "T", 1259.84, 236.22, 90],
		[40, "R17", "T", 1181.1, 413.39, 90],
		[41, "R18", "T", 1338.58, 236.22, 90],
		[42, "R19", "T", 1299.21, 413.39, 90],
		[43, "R20", "T", 1417.32, 236.22, 90],
		[44, "R21", "T", 1417.32, 413.39, 90],
		[45, "R22", "T", 1496.06, 236.22, 90],
		[46, "R23", "T", 1535.43, 413.39, 90],
		[47, "R24", "T", 2263.78, 472.44, 90],
		[48, "R25", "T", 1574.8, 236.22, 90],
		[49, "R26", "T", 1653.54, 413.39, 90],
		[50, "R27", "T", 2204.72, 433.07, 270],
		[51, "R28", "T", 2263.78, 388.41, 270],
		[52, "R29", "T", 354.33, 984.25, 90],
		[53, "R30", "T", 531.5, 314.96, 0],
		[54, "R31", "T", 551.6, 413.7, 0],
		[55, "R32", "T", 413.39, 866.14, 90],
		[56, "R33", "T", 2263.78, 275.59, 0],
		[57, "R34", "T", 2263.78, 216.54, 0],
		[58, "R35", "T", 570.87, 177.17, 0],
		[59, "U1", "T", 1437.01, 826.77, 270],
		[60, "U2", "T", 2007.87, 944.88, 270],
		[61, "U3", "T", 807.09, 767.72, 180],
		[62, "U4", "T", 2007.87, 374.02, 270],
		[63, "U5", "T", 374.02, 433.07, 180]
	]
},
"pins": {
	"fields": ["PIN_NO", "PIN_NAME", "PIN_X", "PIN_Y", "LAYER", "PIN_TYPE", "NET_NAME", "NET_TYPE", "PAD_SHAPE", "PAD_SIZEX", "PAD_SIZEY", "HOLE_SIZE", "PAD_ANGLE"],
	"rows": [
		[1, "C1_1", 1336.81, 1003.94, "T", "SMD", "GND", "GND", "R", 31.11, 21.26, 0, 0],
		[2, "C1_2", 1379.73, 1003.94, "T", "SMD", "VCC", "", "R", 31.11, 21.26, 0, 0],
		[3, "C2_1", 2039.37, 1062.99, "T", "SMD", "GND", "GND", "R", 31.5, 35.43, 0, 0],
		[4, "C2_2", 2094.49, 1062.99, "T", "SMD", "VCC", "", "R", 31.5, 35.43, 0, 0],
		[5, "C3_1", 706.89, 531.5, "T", "SMD", "GND", "GND", "R", 31.11, 21.26, 0, 0],
		[6, "C3_2", 749.81, 531.5, "T", "SMD", "VCC", "", "R", 31.11, 21.26, 0, 0],
		[7, "C4_1", 1003.94, 434.85, "T", "SMD", "GND", "GND", "R", 31.11, 21.26, 0, 270],
		[8, "C4_2", 1003.94, 391.93, "T", "SMD", "ADI_50V_T", "", "R", 31.11, 21.26, 0, 270],
		[9, "C5_1", 1122.05, 434.85, "T", "SMD", "GND", "GND", "R", 31.11, 21.26, 0, 270],
		[10, "C5_2", 1122.05, 391.93, "T", "SMD", "ADI_50V_I", "", "R", 31.11, 21.26, 0, 270],
		[11, "C6_1", 1240.16, 434.85, "T", "SMD", "GND", "GND", "R", 31.11, 21.26, 0, 270],
		[12, "C6_2", 1240.16, 391.93, "T", "SMD", "ADI_50V_V", "", "R", 31.11, 21.26, 0, 270],
		[13, "C7_1", 1358.27, 434.85, "T", "SMD", "GND", "GND", "R", 31.11, 21.26, 0, 270],
		[14, "C7_2", 1358.27, 391.93, "T", "SMD", "ADI_32V_T", "", "R", 31.11, 21.26, 0, 270],
		[15, "C8_1", 1476.38, 434.85, "T", "SMD", "GND", "GND", "R", 31.11, 21.26, 0, 270],
		[16, "C8_2", 1476.38, 391.93, "T", "SMD", "ADI_32V_I", "", "R", 31.11, 21.26, 0, 270],
		[17, "C9_1", 1179.33, 964.57, "T", "SMD", "GND", "GND", "R", 31.11, 21.26, 0, 0],
		[18, "C9_2", 1222.25, 964.57, "T", "SMD", "VCC", "", "R", 31.11, 21.26, 0, 0],
		[19, "C10_1", 547.47, 859.21, "T", "SMD", "GND", "GND", "R", 55.51, 53.15, 0, 270],
		[20, "C10_2", 547.47, 778.11, "T", "SMD", "$1N4240", "", "R", 55.51, 53.15, 0, 270],
		[21, "C11_1", 1594.49, 434.85, "T", "SMD", "GND", "GND", "R", 31.11, 21.26, 0, 270],
		[22, "C11_2", 1594.49, 391.93, "T", "SMD", "ADI_32V_V", "", "R", 31.11, 21.26, 0, 270],
		[23, "C12_1", 1970.28, 551.18, "T", "SMD", "GND", "GND", "R", 31.11, 21.26, 0, 180],
		[24, "C12_2", 1927.36, 551.18, "T", "SMD", "VCC", "", "R", 31.11, 21.26, 0, 180],
		[25, "C13_1", 354.33, 887.6, "T", "SMD", "$1N628", "", "R", 31.11, 21.26, 0, 270],
		[26, "C13_2", 354.33, 844.68, "T", "SMD", "GND", "GND", "R", 31.11, 21.26, 0, 270],
		[27, "C14_1", 411.61, 551.18, "T", "SMD", "GND", "GND", "R", 31.11, 21.26, 0, 0],
		[28, "C14_2", 454.53, 551.18, "T", "SMD", "VCC_5V", "", "R", 31.11, 21.26, 0, 0],
		[29, "C15_1", 118.11, 156.3, "T", "SMD", "GND", "GND", "R", 55.51, 53.15, 0, 90],
		[30, "C15_2", 118.11, 237.4, "T", "SMD", "VCC_3P3", "", "R", 55.51, 53.15, 0, 90],
		[31, "C16_1", 374.02, 234.45, "T", "SMD", "GND", "GND", "R", 31.11, 21.26, 0, 0],
		[32, "C16_2", 416.94, 234.45, "T", "SMD", "VCC_3P3", "", "R", 31.11, 21.26, 0, 0],
		[33, "C17_1", 236.22, 156.3, "T", "SMD", "GND", "GND", "R", 55.51, 53.15, 0, 90],
		[34, "C17_2", 236.22, 237.4, "T", "SMD", "VCC_3P3", "", "R", 55.51, 53.15, 0, 90],
		[35, "C18_1", 372.24, 314.96, "T", "SMD", "GND", "GND", "R", 31.11, 21.26, 0, 0],
		[36, "C18_2", 415.16, 314.96, "T", "SMD", "VCC_3P3", "", "R", 31.11, 21.26, 0, 0],
		[37, "CN1_1", 137.8, 688.98, "T", "DIP", "PGC", "", "R", 55.12, 55.12, 35.43, 270],
		[38, "CN1_1", 137.8, 688.98, "B", "DIP", "PGC", "", "R", 55.12, 55.12, 35.43, 270],
		[39, "CN1_2", 137.8, 767.72, "T", "DIP", "PGD", "", "C", 55.12, 55.12, 35.43, 270],
		[40, "CN1_2", 137.8, 767.72, "B", "DIP", "PGD", "", "C", 55.12, 55.12, 35.43, 270],
		[41, "CN1_3", 137.8, 846.46, "T", "DIP", "GND", "GND", "C", 55.12, 55.12, 35.43, 270],
		[42, "CN1_3", 137.8, 846.46, "B", "DIP", "GND", "GND", "C", 55.12, 55.12, 35.43, 270],
		[43, "CN1_4", 137.8, 925.2, "T", "DIP", "VCC", "", "C", 55.12, 55.12, 35.43, 270],
		[44, "CN1_4", 137.8, 925.2, "B", "DIP", "VCC", "", "C", 55.12, 55.12, 35.43, 270],
		[45, "CN1_5", 137.8, 1003.94, "T", "DIP", "MCLR", "", "C", 55.12, 55.12, 35.43, 270],
		[46, "CN1_5", 137.8, 1003.94, "B", "DIP", "MCLR", "", "C", 55.12, 55.12, 35.43, 270],
		[47, "H1_1", 590.55, 1102.36, "T", "DIP", "RS485_P", "", "R", 60, 55.12, 35.43, 0],
		[48, "H1_1", 590.55, 1102.36, "B", "DIP", "RS485_P", "", "R", 60, 55.12, 35.43, 0],
		[49, "H1_2", 669.29, 1102.36, "T", "DIP", "RS485_N", "", "C", 55.12, 55.12, 35.43, 0],
		[50, "H1_2", 669.29, 1102.36, "B", "DIP", "RS485_N", "", "C", 55.12, 55.12, 35.43, 0],
		[51, "H1_3", 748.03, 1102.36, "T", "DIP", "GND", "GND", "C", 55.12, 55.12, 35.43, 0],
		[52, "H1_3", 748.03, 1102.36, "B", "DIP", "GND", "GND", "C", 55.12, 55.12, 35.43, 0],
		[53, "H1_4", 826.77, 1102.36, "T", "DIP", "VCC_5V", "", "C", 55.12, 55.12, 35.43, 0],
		[54, "H1_4", 826.77, 1102.36, "B", "DIP", "VCC_5V", "", "C", 55.12, 55.12, 35.43, 0],
		[55, "H1_5", 905.51, 1102.36, "T", "DIP", "A0", "", "C", 55.12, 55.12, 35.43, 0],
		[56, "H1_5", 905.51, 1102.36, "B", "DIP", "A0", "", "C", 55.12, 55.12, 35.43, 0],
		[57, "H1_6", 984.25, 1102.36, "T", "DIP", "A1", "", "C", 55.12, 55.12, 35.43, 0],
		[58, "H1_6", 984.25, 1102.36, "B", "DIP", "A1", "", "C", 55.12, 55.12, 35.43, 0],
		[59, "H2_1", 1102.36, 78.74, "T", "DIP", "PIM_50V_TMON", "", "R", 60, 60, 39.37, 0],
		[60, "H2_1", 1102.36, 78.74, "B", "DIP", "PIM_50V_TMON", "", "R", 60, 60, 39.37, 0],
		[61, "H2_2", 1181.1, 78.74, "T", "DIP", "PIM_50V_IMON", "", "C", 60, 60, 39.37, 0],
		[62, "H2_2", 1181.1, 78.74, "B", "DIP", "PIM_50V_IMON", "", "C", 60, 60, 39.37, 0],
		[63, "H2_3", 1259.84, 78.74, "T", "DIP", "PIM_50V_VMON", "", "C", 60, 60, 39.37, 0],
		[64, "H2_3", 1259.84, 78.74, "B", "DIP", "PIM_50V_VMON", "", "C", 60, 60, 39.37, 0],
		[65, "H2_4", 1338.58, 78.74, "T", "DIP", "PIM_32V_TMON", "", "C", 60, 60, 39.37, 0],
		[66, "H2_4", 1338.58, 78.74, "B", "DIP", "PIM_32V_TMON", "", "C", 60, 60, 39.37, 0],
		[67, "H2_5", 1417.32, 78.74, "T", "DIP", "PIM_32V_IMON", "", "C", 60, 60, 39.37, 0],
		[68, "H2_5", 1417.32, 78.74, "B", "DIP", "PIM_32V_IMON", "", "C", 60, 60, 39.37, 0],
		[69, "H2_6", 1496.06, 78.74, "T", "DIP", "PIM_32V_VMON", "", "C", 60, 60, 39.37, 0],
		[70, "H2_6", 1496.06, 78.74, "B", "DIP", "PIM_32V_VMON", "", "C", 60, 60, 39.37, 0],
		[71, "H2_7", 1574.8, 78.74, "T", "DIP", "PIM_FAULT", "", "C", 60, 60, 39.37, 0],
		[72, "H2_7", 1574.8, 78.74, "B", "DIP", "PIM_FAULT", "", "C", 60, 60, 39.37, 0],
		[73, "H2_8", 1653.54, 78.74, "T", "DIP", "POM_50V_EN", "", "C", 60, 60, 39.37, 0],
		[74, "H2_8", 1653.54, 78.74, "B", "DIP", "POM_50V_EN", "", "C", 60, 60, 39.37, 0],
		[75, "H2_9", 1732.28, 78.74, "T", "DIP", "POM_32V_EN", "", "C", 60, 60, 39.37, 0],
		[76, "H2_9", 1732.28, 78.74, "B", "DIP", "POM_32V_EN", "", "C", 60, 60, 39.37, 0],
		[77, "H2_10", 1811.02, 78.74, "T", "DIP", "SOM_SSPA_EN", "", "C", 60, 60, 39.37, 0],
		[78, "H2_10", 1811.02, 78.74, "B", "DIP", "SOM_SSPA_EN", "", "C", 60, 60, 39.37, 0],
		[79, "H2_11", 1889.76, 78.74, "T", "DIP", "SIM_RS422_RX_P", "", "C", 60, 60, 39.37, 0],
		[80, "H2_11", 1889.76, 78.74, "B", "DIP", "SIM_RS422_RX_P", "", "C", 60, 60, 39.37, 0],
		[81, "H2_12", 1968.5, 78.74, "T", "DIP", "SIM_RS422_RX_N", "", "C", 60, 60, 39.37, 0],
		[82, "H2_12", 1968.5, 78.74, "B", "DIP", "SIM_RS422_RX_N", "", "C", 60, 60, 39.37, 0],
		[83, "H2_13", 2047.24, 78.74, "T", "DIP", "SOM_RS422_TX_P", "", "C", 60, 60, 39.37, 0],
		[84, "H2_13", 2047.24, 78.74, "B", "DIP", "SOM_RS422_TX_P", "", "C", 60, 60, 39.37, 0],
		[85, "H2_14", 2125.98, 78.74, "T", "DIP", "SOM_RS422_TX_N", "", "C", 60, 60, 39.37, 0],
		[86, "H2_14", 2125.98, 78.74, "B", "DIP", "SOM_RS422_TX_N", "", "C", 60, 60, 39.37, 0],
		[87, "H2_15", 2204.72, 78.74, "T", "DIP", "H2_15", "", "C", 60, 60, 39.37, 0],
		[88, "H2_15", 2204.72, 78.74, "B", "DIP", "H2_15", "", "C", 60, 60, 39.37, 0],
		[89, "H2_16", 2283.46, 78.74, "T", "DIP", "GND", "GND", "C", 60, 60, 39.37, 0],
		[90, "H2_16", 2283.46, 78.74, "B", "DIP", "GND", "GND", "C", 60, 60, 39.37, 0],
		[91, "L1_1", 157.6, 460.94, "T", "SMD", "$1N1431", "", "R", 39.37, 149.61, 0, 270],
		[92, "L1_2", 157.6, 366.46, "T", "SMD", "VCC_3P3", "", "R", 39.37, 149.61, 0, 270],
		[93, "LED1_1", 374.12, 648.93, "T", "SMD", "GND", "GND", "R", 31.5, 31.5, 0, 90],
		[94, "LED1_2", 437.07, 649.2, "T", "SMD", "$1N4018", "", "R", 31.5, 31.5, 0, 90],
		[95, "R1_1", 1513.1, 1043.31, "T", "SMD", "$1N3192", "", "R", 22.27, 21.26, 0, 180],
		[96, "R1_2", 1479.02, 1043.31, "T", "SMD", "VCC_5V", "", "R", 22.27, 21.26, 0, 180],
		[97, "R2_1", 1513.1, 984.25, "T", "SMD", "$1N3192", "", "R", 22.27, 21.26, 0, 180],
		[98, "R2_2", 1479.02, 984.25, "T", "SMD", "VCC", "", "R", 22.27, 21.26, 0, 180],
		[99, "R3_1", 1653.54, 253.26, "T", "SMD", "$1N3095", "", "R", 22.27, 21.26, 0, 270],
		[100, "R3_2", 1653.54, 219.18, "T", "SMD", "POM_50V_EN", "", "R", 22.27, 21.26, 0, 270],
		[101, "R4_1", 1870.08, 915.22, "T", "SMD", "RS485_DE", "", "R", 31.75, 34.02, 0, 90],
		[102, "R4_2", 1870.08, 974.54, "T", "SMD", "GND", "GND", "R", 31.75, 34.02, 0, 90],
		[103, "R5_1", 2224.41, 1053.28, "T", "SMD", "GND", "GND", "R", 31.75, 34.02, 0, 270],
		[104, "R5_2", 2224.41, 993.96, "T", "SMD", "RS485_N", "", "R", 31.75, 34.02, 0, 270],
		[105, "R6_1", 1732.28, 253.26, "T", "SMD", "$1N3099", "", "R", 22.27, 21.26, 0, 270],
		[106, "R6_2", 1732.28, 219.18, "T", "SMD", "POM_32V_EN", "", "R", 22.27, 21.26, 0, 270],
		[107, "R7_1", 2145.67, 974.54, "T", "SMD", "RS485_N", "", "R", 31.75, 34.02, 0, 270],
		[108, "R7_2", 2145.67, 915.22, "T", "SMD", "RS485_P", "", "R", 31.75, 34.02, 0, 270],
		[109, "R8_1", 1811.02, 253.26, "T", "SMD", "$1N3106", "", "R", 22.27, 21.26, 0, 270],
		[110, "R8_2", 1811.02, 219.18, "T", "SMD", "SOM_SSPA_EN", "", "R", 22.27, 21.26, 0, 270],
		[111, "R9_1", 1695.56, 787.4, "T", "SMD", "$1N3113", "", "R", 22.27, 21.26, 0, 0],
		[112, "R9_2", 1729.64, 787.4, "T", "SMD", "R9_2", "", "R", 22.27, 21.26, 0, 0],
		[113, "R10_1", 2224.41, 856.17, "T", "SMD", "VCC", "", "R", 31.75, 34.02, 0, 90],
		[114, "R10_2", 2224.41, 915.49, "T", "SMD", "RS485_P", "", "R", 31.75, 34.02, 0, 90],
		[115, "R11_1", 1102.36, 219.18, "T", "SMD", "PIM_50V_TMON", "", "R", 22.27, 21.26, 0, 90],
		[116, "R11_2", 1102.36, 253.26, "T", "SMD", "ADI_50V_T", "", "R", 22.27, 21.26, 0, 90],
		[117, "R12_1", 944.88, 396.35, "T", "SMD", "ADI_50V_T", "", "R", 22.27, 21.26, 0, 90],
		[118, "R12_2", 944.88, 430.43, "T", "SMD", "GND", "GND", "R", 22.27, 21.26, 0, 90],
		[119, "R13_1", 1181.1, 219.18, "T", "SMD", "PIM_50V_IMON", "", "R", 22.27, 21.26, 0, 90],
		[120, "R13_2", 1181.1, 253.26, "T", "SMD", "ADI_50V_I", "", "R", 22.27, 21.26, 0, 90],
		[121, "R14_1", 1062.99, 396.35, "T", "SMD", "ADI_50V_I", "", "R", 22.27, 21.26, 0, 90],
		[122, "R14_2", 1062.99, 430.43, "T", "SMD", "GND", "GND", "R", 22.27, 21.26, 0, 90],
		[123, "R15_1", 568.22, 649.61, "T", "SMD", "$1N3902", "", "R", 22.27, 21.26, 0, 180],
		[124, "R15_2", 534.14, 649.61, "T", "SMD", "$1N4018", "", "R", 22.27, 21.26, 0, 180],
		[125, "R16_1", 1259.84, 219.18, "T", "SMD", "PIM_50V_VMON", "", "R", 22.27, 21.26, 0, 90],
		[126, "R16_2", 1259.84, 253.26, "T", "SMD", "ADI_50V_V", "", "R", 22.27, 21.26, 0, 90],
		[127, "R17_1", 1181.1, 396.35, "T", "SMD", "ADI_50V_V", "", "R", 22.27, 21.26, 0, 90],
		[128, "R17_2", 1181.1, 430.43, "T", "SMD", "GND", "GND", "R", 22.27, 21.26, 0, 90],
		[129, "R18_1", 1338.58, 219.18, "T", "SMD", "PIM_32V_TMON", "", "R", 22.27, 21.26, 0, 90],
		[130, "R18_2", 1338.58, 253.26, "T", "SMD", "ADI_32V_T", "", "R", 22.27, 21.26, 0, 90],
		[131, "R19_1", 1299.21, 396.35, "T", "SMD", "ADI_32V_T", "", "R", 22.27, 21.26, 0, 90],
		[132, "R19_2", 1299.21, 430.43, "T", "SMD", "GND", "GND", "R", 22.27, 21.26, 0, 90],
		[133, "R20_1", 1417.32, 219.18, "T", "SMD", "PIM_32V_IMON", "", "R", 22.27, 21.26, 0, 90],
		[134, "R20_2", 1417.32, 253.26, "T", "SMD", "ADI_32V_I", "", "R", 22.27, 21.26, 0, 90],
		[135, "R21_1", 1417.32, 396.35, "T", "SMD", "ADI_32V_I", "", "R", 22.27, 21.26, 0, 90],
		[136, "R21_2", 1417.32, 430.43, "T", "SMD", "GND", "GND", "R", 22.27, 21.26, 0, 90],
		[137, "R22_1", 1496.06, 219.18, "T", "SMD", "PIM_32V_VMON", "", "R", 22.27, 21.26, 0, 90],
		[138, "R22_2", 1496.06, 253.26, "T", "SMD", "ADI_32V_V", "", "R", 22.27, 21.26, 0, 90],
		[139, "R23_1", 1535.43, 396.35, "T", "SMD", "ADI_32V_V", "", "R", 22.27, 21.26, 0, 90],
		[140, "R23_2", 1535.43, 430.43, "T", "SMD", "GND", "GND", "R", 22.27, 21.26, 0, 90],
		[141, "R24_1", 2263.78, 455.4, "T", "SMD", "SIM_RS422_RX_P", "", "R", 22.27, 21.26, 0, 90],
		[142, "R24_2", 2263.78, 489.48, "T", "SMD", "VCC", "", "R", 22.27, 21.26, 0, 90],
		[143, "R25_1", 1574.8, 219.18, "T", "SMD", "PIM_FAULT", "", "R", 22.27, 21.26, 0, 90],
		[144, "R25_2", 1574.8, 253.26, "T", "SMD", "PIM_FAULT_I", "", "R", 22.27, 21.26, 0, 90],
		[145, "R26_1", 1653.54, 396.35, "T", "SMD", "PIM_FAULT_I", "", "R", 22.27, 21.26, 0, 90],
		[146, "R26_2", 1653.54, 430.43, "T", "SMD", "GND", "GND", "R", 22.27, 21.26, 0, 90],
		[147, "R27_1", 2204.72, 450.11, "T", "SMD", "SIM_RS422_RX_P", "", "R", 22.27, 21.26, 0, 270],
		[148, "R27_2", 2204.72, 416.03, "T", "SMD", "SIM_RS422_RX_N", "", "R", 22.27, 21.26, 0, 270],
		[149, "R28_1", 2263.78, 405.45, "T", "SMD", "SIM_RS422_RX_N", "", "R", 22.27, 21.26, 0, 270],
		[150, "R28_2", 2263.78, 371.37, "T", "SMD", "GND", "GND", "R", 22.27, 21.26, 0, 270],
		[151, "R29_1", 354.33, 967.21, "T", "SMD", "$1N628", "", "R", 22.27, 21.26, 0, 90],
		[152, "R29_2", 354.33, 1001.29, "T", "SMD", "MCLR", "", "R", 22.27, 21.26, 0, 90],
		[153, "R30_1", 514.46, 314.96, "T", "SMD", "VCC_3P3", "", "R", 22.27, 21.26, 0, 0],
		[154, "R30_2", 548.54, 314.96, "T", "SMD", "$1N1416", "", "R", 22.27, 21.26, 0, 0],
		[155, "R31_1", 534.56, 413.7, "T", "SMD", "$1N1416", "", "R", 22.27, 21.26, 0, 0],
		[156, "R31_2", 568.64, 413.7, "T", "SMD", "GND", "GND", "R", 22.27, 21.26, 0, 0],
		[157, "R32_1", 413.39, 849.1, "T", "SMD", "VCC", "", "R", 22.27, 21.26, 0, 90],
		[158, "R32_2", 413.39, 883.18, "T", "SMD", "$1N628", "", "R", 22.27, 21.26, 0, 90],
		[159, "R33_1", 2246.74, 275.59, "T", "SMD", "SOM_RS422_TX_N", "", "R", 22.27, 21.26, 0, 0],
		[160, "R33_2", 2280.82, 275.59, "T", "SMD", "GND", "GND", "R", 22.27, 21.26, 0, 0],
		[161, "R34_1", 2246.74, 216.54, "T", "SMD", "SOM_RS422_TX_P", "", "R", 22.27, 21.26, 0, 0],
		[162, "R34_2", 2280.82, 216.54, "T", "SMD", "VCC", "", "R", 22.27, 21.26, 0, 0],
		[163, "R35_1", 514.13, 177.17, "T", "SMD", "VCC_3P3", "", "R", 50.49, 110.55, 0, 0],
		[164, "R35_2", 627.61, 177.17, "T", "SMD", "VCC", "", "R", 50.49, 110.55, 0, 0],
		[165, "U1_1", 1326.77, 903.54, "T", "SMD", "VCC", "", "R", 15.75, 66.93, 0, 270],
		[166, "U1_2", 1326.77, 877.95, "T", "SMD", "POW50V_EN", "", "R", 15.75, 66.93, 0, 270],
		[167, "U1_3", 1326.77, 852.36, "T", "SMD", "POW32V_EN", "", "R", 15.75, 66.93, 0, 270],
		[168, "U1_4", 1326.77, 826.77, "T", "SMD", "SSPA_EN", "", "R", 15.75, 66.93, 0, 270],
		[169, "U1_5", 1326.77, 801.18, "T", "SMD", "U1_5", "", "R", 15.75, 66.93, 0, 270],
		[170, "U1_6", 1326.77, 775.59, "T", "SMD", "U1_6", "", "R", 15.75, 66.93, 0, 270],
		[171, "U1_7", 1326.77, 750, "T", "SMD", "GND", "GND", "R", 15.75, 66.93, 0, 270],
		[172, "U1_8", 1547.25, 750, "T", "SMD", "IOOUT_EN", "", "R", 15.75, 66.93, 0, 270],
		[173, "U1_9", 1547.25, 775.59, "T", "SMD", "U1_9", "", "R", 15.75, 66.93, 0, 270],
		[174, "U1_10", 1547.25, 801.18, "T", "SMD", "$1N3113", "", "R", 15.75, 66.93, 0, 270],
		[175, "U1_11", 1547.25, 826.77, "T", "SMD", "$1N3106", "", "R", 15.75, 66.93, 0, 270],
		[176, "U1_12", 1547.25, 852.36, "T", "SMD", "$1N3099", "", "R", 15.75, 66.93, 0, 270],
		[177, "U1_13", 1547.25, 877.95, "T", "SMD", "$1N3095", "", "R", 15.75, 66.93, 0, 270],
		[178, "U1_14", 1547.25, 903.54, "T", "SMD", "$1N3192", "", "R", 15.75, 66.93, 0, 270],
		[179, "U2_1", 1958.27, 983.27, "T", "SMD", "RS485_RO", "", "R", 17.72, 35.43, 0, 270],
		[180, "U2_2", 1958.27, 957.68, "T", "SMD", "RS485_DE", "", "R", 17.72, 35.43, 0, 270],
		[181, "U2_3", 1958.27, 932.09, "T", "SMD", "RS485_DE", "", "R", 17.72, 35.43, 0, 270],
		[182, "U2_4", 1958.27, 906.5, "T", "SMD", "RS485_DI", "", "R", 17.72, 35.43, 0, 270],
		[183, "U2_5", 2057.48, 906.5, "T", "SMD", "GND", "GND", "R", 17.72, 35.43, 0, 270],
		[184, "U2_6", 2057.48, 932.09, "T", "SMD", "RS485_P", "", "R", 17.72, 35.43, 0, 270],
		[185, "U2_7", 2057.48, 957.68, "T", "SMD", "RS485_N", "", "R", 17.72, 35.43, 0, 270],
		[186, "U2_8", 2057.48, 983.27, "T", "SMD", "VCC", "", "R", 17.72, 35.43, 0, 270],
		[187, "U3_1", 923.19, 690.91, "T", "SMD", "ADI_50V_V", "", "R", 13.78, 39.37, 0, 270],
		[188, "U3_2", 923.19, 716.51, "T", "SMD", "ADI_32V_T", "", "R", 13.78, 39.37, 0, 270],
		[189, "U3_3", 923.19, 742.11, "T", "SMD", "ADI_32V_I", "", "R", 13.78, 39.37, 0, 270],
		[190, "U3_4", 923.19, 767.71, "T", "SMD", "ADI_32V_V", "", "R", 13.78, 39.37, 0, 270],
		[191, "U3_5", 923.19, 793.31, "T", "SMD", "GND", "GND", "R", 13.78, 39.37, 0, 270],
		[192, "U3_6", 923.19, 818.91, "T", "SMD", "A0", "", "R", 13.78, 39.37, 0, 270],
		[193, "U3_7", 923.19, 844.51, "T", "SMD", "A1", "", "R", 11.81, 39.37, 0, 270],
		[194, "U3_8", 883.89, 883.81, "T", "SMD", "RS422_RX", "", "R", 13.78, 39.37, 0, 180],
		[195, "U3_9", 858.29, 883.81, "T", "SMD", "RS422_TX", "", "R", 13.78, 39.37, 0, 180],
		[196, "U3_10", 832.69, 883.81, "T", "SMD", "VCC", "", "R", 13.78, 39.37, 0, 180],
		[197, "U3_11", 807.09, 883.81, "T", "SMD", "PGD", "", "R", 13.78, 39.37, 0, 180],
		[198, "U3_12", 781.49, 883.81, "T", "SMD", "PGC", "", "R", 13.78, 39.37, 0, 180],
		[199, "U3_13", 755.89, 883.81, "T", "SMD", "POW50V_EN", "", "R", 13.78, 39.37, 0, 180],
		[200, "U3_14", 730.29, 883.81, "T", "SMD", "PIM_FAULT_I", "", "R", 13.78, 39.37, 0, 180],
		[201, "U3_15", 690.99, 844.51, "T", "SMD", "RS485_DE", "", "R", 13.78, 39.37, 0, 270],
		[202, "U3_16", 690.99, 818.91, "T", "SMD", "GND", "GND", "R", 13.78, 39.37, 0, 270],
		[203, "U3_17", 690.99, 793.31, "T", "SMD", "$1N4240", "", "R", 13.78, 39.37, 0, 270],
		[204, "U3_18", 690.99, 767.71, "T", "SMD", "RS485_RO", "", "R", 13.78, 39.37, 0, 270],
		[205, "U3_19", 690.99, 742.11, "T", "SMD", "RS485_DI", "", "R", 13.78, 39.37, 0, 270],
		[206, "U3_20", 690.99, 716.51, "T", "SMD", "POW32V_EN", "", "R", 13.78, 39.37, 0, 270],
		[207, "U3_21", 690.99, 690.91, "T", "SMD", "SSPA_EN", "", "R", 13.78, 39.37, 0, 270],
		[208, "U3_22", 730.29, 651.61, "T", "SMD", "IOOUT_EN", "", "R", 13.78, 39.37, 0, 180],
		[209, "U3_23", 755.89, 651.61, "T", "SMD", "$1N3902", "", "R", 13.78, 39.37, 0, 180],
		[210, "U3_24", 781.49, 651.61, "T", "SMD", "GND", "GND", "R", 13.78, 39.37, 0, 180],
		[211, "U3_25", 807.09, 651.61, "T", "SMD", "VCC", "", "R", 13.78, 39.37, 0, 180],
		[212, "U3_26", 832.69, 651.61, "T", "SMD", "MCLR", "", "R", 13.78, 39.37, 0, 180],
		[213, "U3_27", 858.29, 651.61, "T", "SMD", "ADI_50V_I", "", "R", 13.78, 39.37, 0, 180],
		[214, "U3_28", 883.89, 651.61, "T", "SMD", "ADI_50V_T", "", "R", 13.78, 39.37, 0, 180],
		[215, "U3_29", 807.09, 767.71, "T", "SMD", "GND", "GND", "R", 165.35, 165.35, 0, 180],
		[216, "U4_1", 1911.41, 449.02, "T", "SMD", "VCC", "", "R", 23.62, 70.87, 0, 270],
		[217, "U4_2", 1911.41, 399.02, "T", "SMD", "RS422_RX", "", "R", 23.62, 70.87, 0, 270],
		[218, "U4_3", 1911.41, 349.02, "T", "SMD", "RS422_TX", "", "R", 23.62, 70.87, 0, 270],
		[219, "U4_4", 1911.41, 299.02, "T", "SMD", "GND", "GND", "R", 23.62, 70.87, 0, 270],
		[220, "U4_5", 2104.33, 299.02, "T", "SMD", "SOM_RS422_TX_P", "", "R", 23.62, 70.87, 0, 90],
		[221, "U4_6", 2104.33, 349.02, "T", "SMD", "SOM_RS422_TX_N", "", "R", 23.62, 70.87, 0, 90],
		[222, "U4_7", 2104.33, 399.02, "T", "SMD", "SIM_RS422_RX_N", "", "R", 23.62, 70.87, 0, 90],
		[223, "U4_8", 2104.33, 449.02, "T", "SMD", "SIM_RS422_RX_P", "", "R", 23.62, 70.87, 0, 90],
		[224, "U5_1", 326.34, 471.46, "T", "SMD", "U5_1", "", "O", 48.11, 14.33, 0, 180],
		[225, "U5_2", 326.34, 445.87, "T", "SMD", "VCC_5V", "", "O", 48.11, 14.33, 0, 180],
		[226, "U5_3", 326.34, 420.28, "T", "SMD", "$1N1431", "", "O", 48.11, 14.33, 0, 180],
		[227, "U5_4", 326.34, 394.68, "T", "SMD", "GND", "GND", "O", 48.11, 14.33, 0, 180],
		[228, "U5_5", 421.7, 394.68, "T", "SMD", "VCC_3P3", "", "O", 48.11, 14.33, 0, 180],
		[229, "U5_6", 421.7, 420.28, "T", "SMD", "GND", "GND", "O", 48.11, 14.33, 0, 180],
		[230, "U5_7", 421.7, 445.87, "T", "SMD", "$1N1416", "", "O", 48.11, 14.33, 0, 180],
		[231, "U5_8", 421.7, 471.46, "T", "SMD", "VCC_5V", "", "O", 48.11, 14.33, 0, 180]
	]
}
}